title,content,date
[강원도/속초] 여자 혼자 등산하기 좋은 코스! &lt; 설악산 울산바위 &gt;,[날이 따뜻해지고 푸릇푸릇 새싹이 올라오면 설레지요 왜냐구요? 산타기 좋으니깐요!!! 취미가 맞는 친구들이랑 같이 산을 타는 것도 연인과 산을 타는 것도 다 좋지만!!! 요즘 혼등의 매력에 흠뻑 빠져버린 나는… 쉬는날 훌쩍 속초로 출발해버렸다지… 산탈라고.. 지금은 봄철 산방 기간이라 대부분의 설악산 코스는 등산 불가 ㅠㅠ 가성비 좋은 울산 바위 코스는 개방 되었다길래 소공원 주차장으로 향했다 :)  주차는 설악산 국립공원 소공원 주차장에 했다. 주차 요금은 1일 6천원! 선불이고 카드도 가능함! 나는 평일 오전 8시쯤 도착해서 널널했는데 주말은 주차 경쟁 치열하다고 함!!  캬 그냥 주차장뷰 부터가 미쳤음 ^^ 주차장부터 설레기 시작하는 내심장   원래는 입장료를 받았는데 작년 5월부터 무료개방! 너무 좋다…!!!   등산로 진입까지 15분정도? 걸어가야한다국립공원이라 산책로 + 절이 크게 있어서 여유롭게 둘러보면서 슬슬 걸어갔다.  요기 앞에사 사진 한방 찍어줘야죠? 평일 아침이라 그런가 내가 전세 낸거 처럼 아무도 없어서 ^^ 그림자만 찍고 이동! ㅋㅋ  울산바위까지 3.7키로! 왕복 세시간 반 정도 걸리는 코스라는데 혼자서 후다닥 갔다오니 두시간 사십분 컷으로 가능함!  얼마전에 강원도에 눈왔다던데 그래서 그런지 눈 덮인 산 너무 이쁘자나아아아아   원래는 이 신흥사라는 곳을 지나쳐서 등산로를 가야해서 입장료를 받았다는데… 나같이 절 구경 안하고 바로 등산만 하러 가는 사람들은 내기 싫었을듯? 무튼! 절을 빠르게 지나쳐서 울산 바위를 향해 고고   심심하면 노래나 들을까 하고 에어팟 가져갔는데 낄 필요가 없었다 계곡에 물흐르는 소리가 너무 좋아서 바람 소리가 너무 좋아서  이런 임도길이 쭈우욱 이어지는데 흔들바위까지 솔지키 산책이었음 ㅋㅋ길이 너무 잘되어 있어서 효도 여행으로 와도 좋겠다 싶었음!   흔들바위 1키로 남은 시점부터는 계단도 나오고 돌길도 나오고~ 하지만 경사도 별로 안심해서 정말 편안하게 올라갈 수 있음!   산행 시작 28분만에 흔들바위 도차아악 평지에서 걸음이 빠르기도 하고 혼자라 구경 안하고 부지런히 올라와서 빨리온듯! 흔들바위 미는 사진 한장 남기고 싶었지만 왜 아무도 없죠…? ㅋㅋㅋ  울산바위 코스는 흔들바위 지나고 나서부터가 찐임! 이제부터 시작되는 고도 올리기! 뭐 흔들바위 지나고 나서부터는 계속 오르막임!  요정도 경사에 계단은 애교죠? 나중에 끝에가면 기어올라가야해요 ㅋㅋㅋㅋ   그래도 힘내서 올라갈 수 있는 이유는 슬쩍 슬쩍 보이는 조망과 울산바위의 자태 때문…  눈왔다길래 스패츠랑 아이젠이랑 가방에 바리바리 싸들고 갔는데 필요없음! 눈은 그늘에만 조금 있을뿐~ 등산로는 다 녹아서 미끄럽지 않았다.   이런 계단이 계속 나와여 ㅋㅋ 계단타는건 솔직히 괜찮은제 밑을 내려다보면 진짜 아찔해서 꼭 손잡이를 잡고 올라갔다.   계단 오르다가 뒤돌아 보면 보이는뷰  아니 울산바위가 이정도면 다른 코스어떤거야 대체… ? 왜 다들 설악산 설악산 하는지 이제 알겠네  ㅎㅎㅎ 어이가 없더라 그냥 돌 위에 계단을 세워둔거라 기어 올라가야함 ㅋㅋㅋㅋ  힘든거 보다 막바지가 되니깐 고소공포증이 막 올라오면서 무서워짐 하지만 정상이 얼마 남지 않은걸 알기에 꾹 참고 올라갔다.   무섭다가도 조망 한번 보면 또 힘이나고 ㅋㅋㅋ 막 정상가서 다 둘러보고 싶은 맘이 굴뚝 같은!!!  계단을 마지막으로 데크를 지나면 나오는 울산바위 정상뷰~ 이 맛에 산타죠? 솔직히 산행 시간 + 힘든거 대비 너무 조망이 좋아서 놀랐음 울산바위 가성비 최고👍👍  젤 좋았던건 이 정상에 나만 있다는거 큰 바위위에 앉아 한참을 멍하니 바라보고 있으니 세상 걱정 근심 훌훌 털어지더라 솔솔 부는 바람에 땀은 다 식었고 멋진 조망에 눈은 너무 즐거웠고 바람부는 소리 새소리 바스락 거리는 나무 소리 다 너무 평화롭고 좋았다.   울산바위 전망대는 세개가 있으니 꼭 다 둘러보고 내려오길!! 하산 하는 길에 올라오는 사람들이 많았다 특히 외국인분들!! 울산바위가 외국 분들에게 핫하다던데 진짜 엄청 많이들 올라오더라 울산바위 코스는 등산로 정비가 너무 잘되어 있고 코스도 짧고 험하지 않아서 혼자 등산하기에도 좋았다. 속초로 여행 간다면 시간내서 꼭 한번 올라가보길 추천한다. #설악산울산바위#설악산국립공원#설악산울산바위혼등#혼자등산하기좋은산 ],20240331
그레이트지리 3일차 (feat : 마치며.. 설악산 종주를 꿈꾸다..),"[#완주 #그레이트지리 #천왕봉 #3일종주 #주의사항 #보급 #워딩 #준비 #2peak완주 #3peak #설악산 #운 #거북이식당 #버스 #우연 #연속 #사람 #시간 #약속 #서울 #KTX #표구하기 #코레일톡 #스크롤 #올라감 #감사 #여정 #여행 #소중  완주.. 3일3일만에 완주 하였다.. 제로포인트트레일 주의사항을 잘 읽고 숙지하지 못함에서 오는 +1일 추가..  난 당일 11시50분(정오) 출발하였으니, 12시간 산행을함.. (밤새종주 + 외길 등로에서 뱀도 만나서 우회함..) 지금은 3월 기준이라, 04시에 입산 가능허다.. 2일차 회복..    .pzp .pzp-poster--40059c8b-ca2a-4240-ac62-358b16eff04e.pzp-poster--loaded {background-image: url(""https://phinf.pstatic.net/image.nmv/blog_2024_03_31_2822/f5d54719-ef19-11ee-ba88-a0369ffda0f0_01.jpg"");background-size: contain;background-position: center;background-repeat: no-repeat;}  광고 후 계속됩니다.     다음 subject author   			취소		   (제로포인트) 그레이트지리 3일차 (feat : 마치며.. 설악산 종주를 (1) 	재생  0 	좋아요  0 		좋아요	   		공유 하기	                       0:00:00    		재생	    		음소거	         	00:00  	00:05 실시간     		설정	    		전체 화면	      			해상도		 자동 480p   			자막		 사용 안함  			재생 속도		 1.0x (기본)   해상도   			자동 (480p)		   			1080p		 HD    			720p		 HD    			480p		   			270p		   			144p		    자막 	설정   			사용 안함		      옵션  글자 크기    배경색    재생 속도   0.5x 1.0x (기본) 1.5x 2.0x            알 수 없는 오류가 발생했습니다.     					도움말				   음소거 상태입니다.             도움말                    라이센스         				고화질 재생이 가능한 영상입니다.				설정에서 해상도를 변경해보세요.			 더 알아보기 	0:00:00              (제로포인트) 그레이트지리 3일차 (feat : 마치며.. 설악산 종주를 (1)고기 묵고 힘내서 3일 마지막 일정 갔다. 2-3시간 자고 새벽1시에 일어났는데, 몸이 안움직이더라… 방 불부터 키고, 누워 스트레칭 해서 겨우 몸을 일으킴..!!  라이더들이 2층에 머물렸다. 동호회 인거 같은데, 아가씨 라이더가 있길래, 신기했다..!! 3일차.. 마지막 스타트 (새벽1시) 잠깐만 자고 다시 숙소를 나왔다.. 나중에 내려올때쯤 숙소 (여)사장님한테 전화 왔다..  (시작점까지 못데려다 줘서 맘에 걸렸다는..)그맴이 감사하다..!!  영화 터널이 생각나는 한컷! 하정우 배우의 시놉스가 생각난다. 인생에 마지막이 뭐가 나올지 모르는, 매 선택의 순간의 결과물이 뭐가 나올지 모르는 랜덤 박스처럼! 그안으로 들어간다~ 중산리버스정류장 도착.. 여기까지 엄청 멀었다.. 전날 비용을 더 주더라도, 들머리 앞에 숙소에서 잘껄라는 막급후회가 옴;; (그러나 찰나.. 이미 “반값 숙소 비용면에서 난 멀리 내 신체를 믿었다..)   중산리탐방지원센터 앞 무인카페 (보급)커피한잔 하니, 다시 몸이 반응하여, 갈준비가 되었다고 이야기한다..!! 무인카페 옆에 무인자판기가 있어서 ㅠㅠ 거뷱이산장 식당 사장님! 감사합니다!!! 남은커피는 알뜰하게 먹다남은 패트로!! (중간 기력이 없을때 카페인 들어가면 잠시 힘이 쏟음) 본격 산행 시작 돌입!! 칼바위 칼처럼 생겨서 칼바위인가 봄.. 로터리 대피소여기오니, 일출이 뜸.. 3-4번쯤은 이 대피소 왔던기억이.. 등린이때나 지금이나 힘들때 온다.. (지리산을 얇보면 안됨..)쉬어가세요.. (쉬고 싶은데)쉬면 한참을 못갈꺼 같아, 안쉬고 지나침..!!  정말 계속 오르막에 돌길.. 천왕봉 인증..!! 이 순간을 3일 이나기다림..  하산길 (꼼수 발동..) 교육원으로 가면, 버스가 있다. 중산리까지 델따줌..!!    .pzp .pzp-poster--b65469f7-869a-4070-be6f-11408485a67e.pzp-poster--loaded {background-image: url(""https://phinf.pstatic.net/image.nmv/blog_2024_03_31_1651/f5d63186-ef19-11ee-9a53-a0369ffb3c10_01.jpg"");background-size: contain;background-position: center;background-repeat: no-repeat;}  광고 후 계속됩니다.     다음 subject author   			취소		   (제로포인트) 그레이트지리 3일차 (feat : 마치며.. 설악산 종주를 (2) 	재생  0 	좋아요  0 		좋아요	   		공유 하기	                       0:00:00    		재생	    		음소거	         	00:00  	00:05 실시간     		설정	    		전체 화면	      			해상도		 자동 480p   			자막		 사용 안함  			재생 속도		 1.0x (기본)   해상도   			자동 (480p)		   			1080p		 HD    			720p		 HD    			480p		   			270p		   			144p		    자막 	설정   			사용 안함		      옵션  글자 크기    배경색    재생 속도   0.5x 1.0x (기본) 1.5x 2.0x            알 수 없는 오류가 발생했습니다.     					도움말				   음소거 상태입니다.             도움말                    라이센스         				고화질 재생이 가능한 영상입니다.				설정에서 해상도를 변경해보세요.			 더 알아보기 	0:00:00              (제로포인트) 그레이트지리 3일차 (feat : 마치며.. 설악산 종주를 (2) 진주역.. 일단 표가 다 매진상태에서 무작정 역부터 옴.. 주변, 전라선(남원,구례,순천)은 최소 택시비가 12-15만이라 포기하고, 7만원선은 진주역 픽!! (* 택시기사님의 추천으로!)  진주 비빔밥 먹을 생각이 안나고 그냥 태우기로함.. 방금 택시비도 마니내서 ㅠㅠ 진주역(고속철도착) 표구하기 전쟁.. 광클릭! 스크롤~  어떻게뜬 구간 슬라이스 해서, 표를 구했다. 제로포인트 “인증” 주의사항 제로포인트 설악에서의 주의사항 댓글을 다시 읽어보면, 설정변경을하였다..!!   미친기록임.. 6만6천보.. 뛰뛰하고 걸어다니고, 정말 미친사람처럼 하루쟁일 걸어다님..평소에 뛰뛰연습하고, 새벽수영으로 기초체력 다져 놓지 않았으면, 내자신에게 스스가 멘탈해서 이미 졌을꺼다..  전날 저녁도 묵먹고 3끼 안묵고 갔다.. 정말 보급품을 준비할 시간과 여건이 안되었다.. 저혈당 바로옴.. 지나가던 아주머니가준 단백질바 2개 덕에 종료 가능했다.  천왕봉이 이리도 힘들었던가.. 체력이 바닥상태에서 출발하다보니, 빨리 갈수가 읍었다.. (왠마하면 올라갈때 사람에게 안 재껴지는데, 오늘은 10명 정도 앞으로 보내드림..) 서울로의 여정.. 약속된 일정이 안지켜져서, 못내 편치 않음으로 올라간다. 그래도 표는 구해서 어찌어찌 갈수 있으니!!KTX열차 에서 같은칸 이동 및 입석.. 역에서 다른 고속철로 환승해야 하지만, 열차가 태워주는게 어딘가? 이번여행은 감사와 “운”이 따라줬던 시간이였다.  ]",20240331
설악산 숙소 켄싱턴호텔 설악 디럭스 트윈룸 조식 디너 후기!,"[설악산 숙소 켄싱턴호텔 설악오늘은 설악산 국립공원을 도보 5분으로갈 수 있는 설악산 숙소를 소개해요^^바로 켄싱턴호텔 설악입니다!저는 작년에 켄싱턴호텔 여의도에다녀왔었는데 너무 좋았던 기억이 있었어요~겨울의 끝자락에 다녀온 설악산의설경이 너무 멋있었어요!그 설경을 호텔에서 룸에서도 보이고,식사를 하면서도 그림 같은 설악산 뷰를감상할 수 있는 설악산 숙소입니다~ 제가 묵었던 룸 타입은스튜디오 디럭스 트윈룸입니다!빈티지한 감성의 인테리어가 매력적이에요~룸 자체가 큰 편이고,앤티크 한 장식들이 하나하나 신경 쓴 것 같아요^^디럭스 트윈룸과 조식, 디너 후기까지자세하게 알려 드릴게요!  &lt; 켄싱턴호텔 설악 &gt;주소강원 속초시 설악산로 998 50m© NAVER Corp.더보기 /OpenStreetMap지도 데이터x© NAVER Corp. /OpenStreetMap지도 컨트롤러 범례부동산거리읍,면,동시,군,구시,도국가켄싱턴호텔 설악강원특별자치도 속초시 설악산로 998 켄싱턴호텔 설악은 정통적인영국 스타일의 인테리어로숙박을 하지 않아도 호텔 로비의 포토존과카페를 이용하실 수 있습니다!체크인은 오후 3시, 체크아웃은 오전 11시입니다^^ 1층 로비에서 보는 설악산의 압도적인 뷰가너무 예뻤습니다^^설악산 숙소를 찾으신다면 추천합니다!도보 5분이면 설악산 국립공원 입구에도착하는 위치가 너무 좋아요~속초 여행을 오신다면 설악 뷰가 아름다운켄싱턴호텔 어떠세요?그리고 여기 조식과 디너가 아주 좋습니다! 1층 로비에도 볼거리가 다양한데요!간단한 맥주와 스택을 살수 있는 셀렉트숍과해리포터 방이 있습니다~여기도 완전 포토존이요^^ 배정받은 스튜디오 디럭스룸으로 가는 복도!층마다 다양한 컨셉으로유럽풍으로 꾸며져 있습니다^^ 제가 묵었던 스튜디오 디럭스 트윈룸은클래식한 인테리어의 영국 감성 객실이에요!테라스에는 설악산이 한눈에 들어오는압도적인 뷰가 예술입니다^^ 여행에 조금 피로했는데 반신욕도 했어요!욕실도 고풍스러운 분위기에굉장히 넓은 편입니다^^켄싱턴호텔에 올 때마다 느끼는 건정말 잠이 잘 오고, 답답하지 않아요~진짜 맛있는 거 먹으면서 푹 쉬다오고싶다면 너무 좋습니다~  체크인을 하고 조금 휴식을 취하고2층 더퀸 레스토랑에서 디너코스를 먹었어요!여왕의 만찬 디너 코스는빵, 왕새우 훈제연어 세비체,트러플 야생버섯 크림수프,뉴욕 스테이크,시그니처 디저트, 커피 또는 차이렇게 코스로 준비되는 디너입니다^^ 켄싱턴호텔은 음식이 특별히 맛있기로 유명해요!기대를 했지만 그 이상으로맛있었던 디너였습니다^^ 짝꿍도 역시 너무 맛있게 먹고,힐링 그 자체였습니다^^서비스도 정말 친절하고, 밖으로는눈이 내리는 데 맛있는 음식 먹으니,여행 오길 잘했다 생각이 들었어요! 스테이크는 정말 부드러웠고,양이 꽤 많은 편이라 배부르게 먹었어요!켄싱턴호텔이 또 디저트 맛집입니다^^켄싱턴호텔 설악 디너는오후 6시~9시까지 운영되고,주문 마감시간은 오후 8시입니다~저는 미리 디너 예약을 하고 다녀왔습니다! 디너와 조식을 먹는 2층 더퀸 레스토랑은정말 그림 액자를 걸어놓은 듯한비현실적으로 예쁜 뷰가 예술입니다!식사를 하는데 밖으로는 눈이 내렸어요^^3월 초였는데도 설악산은 늦겨울이었어요~ 잠을 푹 자고 일어나서 조식을 먹으러 내려왔어요!제가 켄싱턴호텔을 오면 조식을 꼭 먹어요^^왜냐면 너무 잘 나옵니다~켄싱턴호텔 설악 조식 이용 시간은오전 7시~10시까지,주문 마감은 오전 9시 30분입니다! 간밤에 눈이 더 내렸어요!아침 안 먹는 짝꿍도 좋아하는 메뉴들은신선한 샐러드 야채, 양식, 한식 등취향에 맞게 드시기 좋게 준비되어 있어요^^ 짝꿍은 야채 위주로 골라온 조식^^저는 미역국에 비빔밥에 계란 프라이로 먹어요! 켄싱턴호텔 설악 조식 메뉴들 보여드릴게요!호텔 조식 좋아하시는 분들은 참고하세요^^작년에 부모님 모시고 왔을 때도아침 잘 나온다며 엄청 좋아하셨어요~ 아이들이 좋아한 만 한 메뉴들부터각종 빵과, 야채, 주스도 종류별로!어른들이 좋아하는 각종 국과 불고기,비빔밥 재료들도 다양해요^^   양식으로 먹는 조식 메뉴들도너무 많아서 아침부터 든든하게 먹고여행을 준비할 수 있습니다^^믿고 먹는 켄싱턴호텔 조식이에요!  짝꿍은 샐러드 매니아라서야채들 종류별로 많다고 엄청 좋아했어요!훈제연어 올려서 연어샐러드로도 먹었어요~  퇴실하는 길에 본 너무 예쁜 켄싱턴호텔의 전경입니다!마치 외국에 온듯한 눈이 덮인 설악산 앞에빨간 이층 버스도 완전 포토존이에요^^눈 쌓인 거 보이시나요?왜 겨울에는 설악산에 오는지 알겠더라고요~너무 편하게 힐링하고, 조식부터 디너까지음식도 하나같이 너무 맛있었던 켄싱턴호텔 설악이었어요!설악산 숙소를 찾으신다면 꼭 추천합니다~봄에 속초여행 올 때도 여기서 묵어야겠어요^^     .pzp .pzp-poster--d6f3515e-baf9-4e13-a8e5-615dc73710b8.pzp-poster--loaded {background-image: url(""https://phinf.pstatic.net/image.nmv/blog_2024_03_19_516/f4a3cb44-e5aa-11ee-998d-b4055dad8dd9_01.jpg"");background-size: contain;background-position: center;background-repeat: no-repeat;}  광고 후 계속됩니다.     다음 subject author   			취소		   설악산 숙소 켄싱턴호텔 설악 디럭스 트윈룸 조식 디너 후기! 	재생  18 	좋아요  0 		좋아요	   		공유 하기	                       0:00:00    		재생	    		음소거	         	00:00  	00:24 실시간     		설정	    		전체 화면	      			해상도		 자동 480p   			자막		 사용 안함  			재생 속도		 1.0x (기본)   해상도   			자동 (480p)		   			1080p		 HD    			720p		 HD    			480p		   			270p		   			144p		    자막 	설정   			사용 안함		      옵션  글자 크기    배경색    재생 속도   0.5x 1.0x (기본) 1.5x 2.0x            알 수 없는 오류가 발생했습니다.     					도움말				   음소거 상태입니다.             도움말                    라이센스         				고화질 재생이 가능한 영상입니다.				설정에서 해상도를 변경해보세요.			 더 알아보기 	0:00:00              접기/펴기설악산 숙소 켄싱턴호텔 설악 디럭스 트윈룸 조식 디너 후기!설악산 숙소 켄싱턴호텔 설악 디럭스 트윈룸 조식 디너 후기!#설악산숙소#켄싱턴호텔#켄싱턴호텔설악#켄싱턴호텔조식 "" 이 포스팅은 이랜드파크켄싱턴호텔&amp;리조트를 통해상품 및 서비스만을 제공받고솔직하게 작성된 후기입니다."" ]",20240319
속초 설악산 숙소/ 켄싱턴호텔 설악(스튜디오 디럭스룸... ,"[설악산 전망 호텔 레트로 감성 있는 켄싱턴호텔  설악산 가깝고 포토존이 많아알찬 하루 보낼 수 있는 켄싱턴호텔 설악!서울과 가까워 힐링 1박 2일로 아주 좋은 시간 보내고 왔어요. 50m© NAVER Corp.더보기 /OpenStreetMap지도 데이터x© NAVER Corp. /OpenStreetMap지도 컨트롤러 범례부동산거리읍,면,동시,군,구시,도국가켄싱턴호텔 설악강원특별자치도 속초시 설악산로 998 켄싱턴호텔 설악은신흥사와 설악산 케이블카 타는 곳 바로 직전에 있는동선 최적화 호텔이에요!ㅎㅎ주차장도 여유롭게 있어설악산만 보러 가는 일정이어도켄싱턴호텔에 주차하고 호텔에서 커피 한잔해도 좋겠다 싶을 정도로속초 여행 위치로서는 최상인 것 같고요~  로비에서 체크인하고 켄싱턴호텔 설악을 잠깐 둘러보았는데요,1, 2층에는 레스토랑이 있고9층엔 전망대와 카페가 있어요.그리고 객실은 층마다 콘셉트가 달라 구경하는 재미가 쏠쏠하답니다. 제가 이용한 객실은 5층스포츠 스타 테마였는데요2002월드컵부터 올림픽까지다양한 운동의 대표 선수들의 애장품이 전시되어 있어요. 객실 내부는 영국 감성으로진정한 레트로풍을 느낄 수 있는 방이었어요.세련된 신상 호텔과는 다른차분하고 클래식한 켄싱턴호텔 설악만의 느낌이 있어셀프 웨딩 촬영하러 오는 분들도 있다고 들었어요 ㅎㅎ 제가 켄싱턴호텔 설악에서 이용한 방은스튜디오 디럭스 패밀리 트윈이라더블베드 1, 싱글베드 1로 넉넉~하게 휴식할 수 있는 방이었어요.1인 1침대로 꿀잠을 잤던ㅎㅎ  침대 옆으론 테이블과 테라스가 있고요입구 쪽에는 옷장과 화장대가 있어요.여유로운 방 사이즈만큼 가구도 다 큼직해서3인 가족이 와도 불편하지 않을 것 같아요!    .pzp .pzp-poster--f8c4d171-c2e7-462b-9ca4-6aec6b15b6da.pzp-poster--loaded {background-image: url(""https://phinf.pstatic.net/image.nmv/blog_2024_03_25_2169/76f7932d-ea4a-11ee-957e-b4055da54aa7_10.jpg"");background-size: contain;background-position: center;background-repeat: no-repeat;}  광고 후 계속됩니다.     다음 subject author   			취소		   설악산 전망 숙소 추천 켄싱턴호텔 	재생  12 	좋아요  0 		좋아요	   		공유 하기	                       0:00:00    		재생	    		음소거	         	00:00  	00:18 실시간     		설정	    		전체 화면	      			해상도		 자동 480p   			자막		 사용 안함  			재생 속도		 1.0x (기본)   해상도   			자동 (480p)		   			1080p		 HD    			720p		 HD    			480p		   			270p		   			144p		    자막 	설정   			사용 안함		      옵션  글자 크기    배경색    재생 속도   0.5x 1.0x (기본) 1.5x 2.0x            알 수 없는 오류가 발생했습니다.     					도움말				   음소거 상태입니다.             도움말                    라이센스         				고화질 재생이 가능한 영상입니다.				설정에서 해상도를 변경해보세요.			 더 알아보기 	0:00:00              접기/펴기설악산 전망 숙소 추천 켄싱턴호텔#켄싱턴호텔#켄싱턴호텔설악#설악산숙소#설악산전망호텔#속초호텔 설악산 전망 테라스가 있어서중앙시장에서 사 온 간식거리 여기서 먹으면서 쉬면천국이 뭐 따로 있나요여기가 최고의 휴식처죠!  TV는 최근에 바꾼 거 같더라구요~화면도 크고 유튜브, 넷플릭스 등 연동도 가능!저희는 서울에서 바로 속초 시내로 바로 가서점심 먹고, 간식 사서 호텔로 들어온 후엔 안 나가는 일정이라티비보면서 뒹굴뒹굴~ 호캉스 그 자체였습니다ㅎㅎ 화장실도 짱 커요!ㅋㅋㅋ욕조 기본으로 있고요그 뒤로 화장대도 엔틱가구 거리에서 본 듯한영국풍 느낌이라 또 하나의 포토존이고요😊 칫솔, 비누 등 기본 어메니티도 갖춰져있습니다~지하수를 쓰는 구조라 온수 나오는 데 몇 분 걸릴 수 있다고체크인할 때 솔직하게 잘 설명해 주어서알고 쓰니 이 부분도 불편하지 않더라구요! 저 BBC 드라마 좋아해서 웨이브에서 찾아보곤 하는데이런 벽지 완전 영드 감성 아닌가요?ㅋㅋㅋ설악산 전망 호텔인 덕에 주변이 조용해서완전 숙면 취할 수 있었어요!  켄싱턴호텔 하면 포토존도 빼놓을 수 없죠~켄싱턴호텔 설악은 영국 콘셉트로더블 데커라고 하죠, 2층짜리 빨간 버스도 있고로비엔 해리포터 책상도 있어요!여기는 투숙객 아니어도 사진 찍으러 와도 되는 곳이라눈치 안 보고 실컷 즐겨도 된답니당ㅎㅎ 켄싱턴호텔 설악에는일반적인 브랜드 편의점 대신에케니샵이라고 기념품 숍이 있어요. 과자, 아이스크림, 맥주, 와인 같은 간식도 있고영국 런던에 여행 가면 사 올 것 같은기념품도 있답니다 ㅎㅎ 꼭 구경해 보세요! Previous imageNext image 영국 왕실 라이프스타일 셀렉트숍 콘셉트라영국풍 굿즈가 많이 있었어요~ 제가 이용한 패키지엔 웰컴 드링크 이용권이 포함되어 있어9층 애비로드 카페도 가보았어요. 애비로드는 영업시간이오전 10시부터 오후 5시까지라체크인하는 날에 날이 맑고, 다음 날은 흐린 경우엔체크인을 서둘러 해서 여기도 꼭~ 즐기시길 추천합니다!  제가 바로 다음 날이 흐린 경우였는데요ㅠㅋㅋ설악산 전망이라 여전히 멋졌지만파란 하늘 아래였다면, 가을 단풍인 날이었다면! 하는아주 작은 아쉬움이 있긴 했어요ㅎㅎ Previous imageNext image 켄싱턴호텔 설악 9층 애비로드 카페에는브런치 메뉴와 애프터눈 티 세트도 있고요음료만 가볍게 즐겨도 좋답니다! 저는 겨울 시즌 음료인핫초코와 딸기 라테를 골랐어요.별로 춥지 않아서 야외 전망대에서 마셨는데이것이 안구 정화 뷰죠~!!아직 눈이 남아있는 설악산 전망 너무 멋졌습니다👍 애비로드라는 카페 이름에 걸맞게비틀즈 관련한 굿즈도 있어서음악 애호가분들도 가볼 만한 속초 여행코스랍니다! 위치가 신흥사, 케이블카 타는 곳 입구라속초 여행 2박 3일 중하루는 시내 쪽 오션뷰 경치를 즐기고다음 날 오전에 이쪽으로 와서 설악산 관광을 하면 될 것 같아요.3시 체크인 후엔 켄싱턴호텔 설악에서 안 나가는 일정으로요 ㅋㅋ욕조에서 반신욕으로 피로 풀고더퀸 레스토랑에서 디너 코스 즐기고다음 날 아침 조식 뷔페까지!이러면 갓벽한 속초 여행이 될 예감🥰 켄싱턴호텔은 공홈에서 직접 예약하는 게가장 저렴하다고 해요!레스토랑이 가성비도 맛도 좋아서패키지도 확인해 보시는 거 추천합니당~더퀸 레스토랑에서 즐긴 디너 코스와 조식 뷔페후기도 얼른 써올게요😉  #켄싱턴호텔설악 #설악산숙소 #속초호텔 #속초여행 켄싱턴호텔 설악정통 영국 스타일의 품격 있는 인테리어와 국내외 유명 스타들의 소장품을 감상할 수 있으며, 전 객실에서 설악산 전망을 바라볼 수 있는 켄싱턴호텔 설악www.kensington.co.kr 이 포스팅은 이랜드파크 켄싱턴호텔&amp;리조트를 통해상품 및 서비스만을 제공받고 솔직하게 작성된 후기입니다. ]",20240325
양양 호텔 설악산 바로 앞 오색그린야드호텔,"[안녕하세요~ 두덩입니다 :)오늘은 설악산 등산하시는 분들이 묵기 좋은 양양 호텔을 소개하려고 해요.오색그린야드호텔이라고 탄산 온천으로 유명한 곳이에요!후.. 등산하기에는 최적의 장소였지만 물 수압이 정말 아쉬웠던 곳...ㅠ^ㅠ씻는 데에만 세월아~ 네월아~ 걸려서 별점은 좀 빼야겠는 곳이에요!  저희는 주말 설악산 등산 계획이 있어서 아침 일찍 출발하기 좋은 숙소를 찾다가 예약한 곳이었어요.성뇽님이 이번에도 공기 좋고 물 좋은 곳으로 예약을 해줘서덕분에 컨디션 좋은 상태로 등산을 할 수 있었습니다 ㅎㅎ   제가 성뇽님과 등산하고 싶다는 말 한마디에등산+단풍 보기 좋은 곳을 열심히 알아봤더라구요.그렇게 찾은 곳이 바로 설악산..ㅋㅋㅋ 저는 뭐 예전에도 등산을 즐겨 했던 사람이라 괜찮았는데 성뇽님에겐 난이도가 좀 있을 것 같은 산이거든요.. 50m© NAVER Corp.더보기 /OpenStreetMap지도 데이터x© NAVER Corp. /OpenStreetMap지도 컨트롤러 범례부동산거리읍,면,동시,군,구시,도국가오색그린야드호텔강원특별자치도 양양군 서면 대청봉길 34 그래도 뭐 괜찮다니 양양 호텔로 오색그린야드호텔로 늦은 저녁에 출발을 했습니다~ 와.. 근데 여러분 설악산은 절대 등린이가 갈 곳이 못 돼요.. (개인적으로 한라산이랑 비슷하게 힘들었음..;)  쨌든 지옥 같은 미래를 모른 채 저희는 성뇽님 퇴근 후 어머님께서 챙겨주신 토마토와 함께 강원도로 출발!! 저랑 성뇽님이랑 저녁을 못 먹었더니 배가 많이 고파서 가평휴게소에 들렀어요~가격만 비싼 휴게소의 밥으로 배를 든든하게 채우고그냥 지나칠 수 없는 핫도그와 소세지까지 먹어준 후에 다시 출발~!  금-토 이렇게 예약을 해서 가격이 비싼 이곳에 저희 체크인 시간이 새벽 한시였어요..ㅠ^ㅠ주변을 둘러볼 시간도 없이 바로 객실 배정을 받고 올라갔습니다..!다음날 등산을 위해 한시라도 빨리 잠을 청해야 했거든요~   근데 이 양양 호텔에 뭐가 많더라구요?!투숙객 할인받을 수 있는 LA갈비 무한리필 샐러드바와 면역 증진에 좋은 5대 슈퍼푸드 요리를 맛볼 수 있다는 오색그린야드호텔의 조식까지.거기에 지하에는 헬스장도 있고 여기서 가장 유명한 탄산온천도 있고..저희가 좋아하는 오락실까지..!!이 다양한 것들을 즐기지 못한 아쉬움이 컸어요.. 흑흑   15평 스탠다드 (트윈 배드)체크인 15시 / 체크아웃 11시성뇽님이 예약한 객실은 트윈 배드가 있는 15평 스탠다드 객실이었어요.스탠다드 객실은 2인실로 원룸형이고 취사가 불가능합니다!저희는 본관이었고 동관과 서관 총 3 건물로 나뉘는데,디럭스, 패밀리, 그랜드패밀리, 테마 패밀리 등가족단위 여행 오시는 분들을 위한 객실이 마련되어 있더라구요~실제로 가족온천여행으로 많이들 찾는다고 합니다!   무엇보다 이 양양 호텔은 겨울여행의 최적지로 관심을 받고 있는데,오색그린야드호텔이 전국 몇 안 되는 고온 알칼리 온천과고온 탄산 온천으로 많은 사람들에게 만족도를 선사한다고 해요.특히 저온 탄산 온천은 인체에 유효한 탄산, 중탄산, 칼슘 등을 다량 함유하고 있어가족 온천 여행을 즐기면서 건강도 함께 챙길 수 있는 장점이 있다고 하네요?!후.. 저희는 이런 비싸고 좋은 방을 잠자기용으로만 썼다니 아쉬워..ㅠ  그래도 성뇽님 덕분의 이 침대에서 잠 푹 자고최상의 컨디션으로 설악산을 오를 수 있었으니 아쉬움보단 고마움이 더 커요!저희 원래 좁은 데에서도 둘이 같이 자는데..여기는 정말 1인용 싱글 침대라 이게 더 아쉬웠네요 ^^   쨌든 저희 객실은 SO 평범S~사실 저희는 도착하자마자 잠을 자야 해서 침대만 편하면만사 OK. (근데 그렇게 푹신하진 않았음..)확실히 가족여행 많이 찾는 양양 호텔이다 보니 2인실 스탠다드에는 뭐가 많이 없는 것 같아요.TV, 커피포트, 생수2, 컵 등이 있었네요~ (달력 있는 숙소 첨 봐요..ㅋㅋㅋ) 전체적으로 오색그린야드호텔은 연식이 있는 듯한 느낌이 많이 들었어요.뭔가 인테리어며 가구며 올드한 느낌이랄까?테이블과 의자의 색감 조합도 웃음밖에 안 나와요ㅎ   그리고.... 정말 불만이 많았던 화장실..!!!뭐 당연히 깔끔해야 하는 건 당연한 건데,와.. 진짜 수압이 왜 이렇게 약한 거죠..?다른 객실도 그런 건가요?저희 새벽에 체크인하고 방에 들어와서 씻고 자려는데 진짜 물 수압이 너무 약한 거예요.그래서 한참 씻고 새벽이라 그런가 보다 이해를 하고 잠에 들었는데,아침에는 수압이 더 약하게 느껴지는 것 같았어요.... ㅋㅋㅋㅋ 후..^^  개운하게 못 씻은 느낌이지만 저희 방에서 보이던 맑은 풍경을 보고후딱 등산 갈 준비를 했어요.스탠다드 객실의 뷰는 이 나무 뷰였답니다~  만반의 준비를 마치고 양양 호텔에서 체크인을 하고 나왔어요.등산하기 딱 좋은 날씨여서 더욱 의지가 활활 타올랐어요!! (하지만 점점 안 좋아졌음..)오색그린야드호텔에 저희처럼 하루 묵고 설악산 올라가시는 분들도 많은 것 같던데,체크아웃을 하면 전용 주차장에서도 나와야 해서 근처 무료로 이용할 수 있는 주차장을 안내해 주시더라구요!  그래서 주차를 하고 바로 근처에 있던 편의점에서물을 왕창 샀어요~ 2L짜리 하나랑 500mㅣ 두개 샀는데.. 어우 이것도 부족해요.저희는 설악산 왕복 6시간 정도 걸린다고 해서여유롭게 갔다 와도 6시간은 안 걸릴 줄 알았는데.. 저희 8시간 걸렸어요ㅠㅠ산이 워낙에 길이 험하고 오르막길이 가팔라서 많이 체력왕인 저도 많이 힘들더라구요..그래도 제가 등산하잔 한마디에 정상까지 힘을 내준 성뇽님 최고!   겨울에는 더욱 인산인해 할 것 같은 이 양양 호텔은저희가 뭐 다른 편의시설을 더 즐기고 왔더라면 만족도가 높았겠지만,등산만을 보고 하루 묵은 숙소로는 아쉬움이 많았어요 ㅠ다음엔 오색그린야드호텔을 쌀쌀한 겨울에 방문해서 온천욕을 즐겨도 좋을 것 같네요~그럼 저는 지옥 같았던 설악산 등산 후기로 다시 찾아오겠습니다 &gt;3&lt;   ]",20231214
설악산맛집 여행중 최고의 한끼 설악산로한우,"[안녕하세요 여행이 즐거운 효닝닝입니다 :)요즘 여행에 푹 빠져있는 효닝닝은내일 제주도로 떠납니다 슝 ~제주도 일정 모두 비 예보가 있어서 조금..걱정이 되기는 하는데 당장 내일이라서 뭐 어쩔수도없구 식구들도 비가 오면 비가 오는대로즐겁게 놀자고해서 일단 걱정 많이 하지않고 가기로했어요 :)제주도 가기 전에 강원도 여행 이야기 다 리뷰하고 가고싶었는데사실상 불가능할것같아요 ㅋㅋㅋ그래도 하는데 까지 열심히 써볼게요 ~~ 이번 여행은 정말 다채롭고 굉장했어요  3월에 보는 함박눈과 바닷바람, 비, 맑은 날씨까지다채로운 날씨와 맛있는 음식들이 함께한어마무시한 여행이었어요 ㅋㅋ남편몬과 인천으로 오는 차안에서도 우리가 평창에서 캠핑을하고강릉을 갔다가고성에서 속초까지 훑고인천으로 올라가는구나.. 라고 했던 강원도에 머무는 동안 맛있는 음식도 많이 먹어서기억에 남는곳이 많은데오늘은 그중 한곳이었던 설악산로 한우 리뷰를 해볼게요 :) 모든것이 좋았다매장 규모가 엄청 커요 당연히 앞에 엄청 큰 주차장도 있어서 주차걱정도 없구요봉닝부부는 저녁시간에 방문을 했는데환하게 불이 켜져있던 한옥 모습의 건물 외관이 저희를 반겨줬어요  저희는 평일 저녁시간이라서 그런지다행히 웨이팅은 없어서 바로 입장을 할수있었고 손님이 많을때는 안내에 따른 대기등록을 해주시면될것같아요 매장 입구에는 숙성 냉장고가 있어요 처음에 입장할때는 아무생각없이 지나쳤는데음식을 다 먹고 나올때는 그냥 못지나치겠더라구요 왜냐면 고기가 진짜 맛도리였거든요 &gt; &lt; !!  고기가 어울리는 다양한 주류도 같이 판매중이었어요 와인도 있고 전통주도 있어서 고른은 폭이 다양할것같더라구요 효닝닝도 술한잔 했으면 좋았을텐데 전날 과음을 해서 .. 후후 아쉽지만 술을 패스  매장은 굉장히 깔끔하고 예뻤어요 도자기도 보이고 곳곳에 한국적인 요소의 인테리어를 해두셔서 예쁜공간이 참 많더라구요   주문은 현대식으로 ~!! 테이블에 비치된 테블릿으로 주문을하면되요 다양한 메뉴가 많았지만 봉닝부부는 이것도 저것도 골고루 먹고 싶어서 가성비 넘치는 설악산 세트로 주문을했어요 :) 배가 많이 고팠던 상태였는데 주문하고 메뉴가 빠르게 셋팅되었어요 :)진짜 한상 가~~ 득 차려졌죠 ? 크으 세트에 포함된 음식중 냉면을 제외한 모든 음식이 셋팅되었어요 깔끔하고 정갈하게 차려진 한상에 눈이 휘둥그레해졌어요 !! 사장님꼐서 숯 넣어주셨어요불이 올라올때까지 불판은 잠시대기 !설악산맛집은 사장님이 굉장히 친절하시더라구요그래서인지 직원분들도 다들 친절하셨던게기억에 남아요 :) 밑반찬 소개 해드릴게요 개인 양파와 쌈이 기본으로 준비되어지는데당귀가 같이 나오더라구요 당귀 좋음 !  밑반찬도 다 맛있었는데특히 잡채 !! 잡채가 맛있어서 한번 리필해서 먹었어요 우거지탕은 세트에 포한되어있는 메뉴였는데국물이있어서 좋았어요 :)공기밥도 한공기가 나와서 남편몬과 같이 먹었어요우거기자 부드럽고 국물이 맑은데 진한것이 고기랑 같이 먹었을때 좋았어요 :)  부족한 반찬은 셀프바에서 가져다드시면되는데여분 접시, 포크가 준비되어있어요여기에 없는 반찬은 직원분께 말씀하시면친절하게 준비해주실거예요 ~~  구이용 모둠고기예요 빛깔 장난아니죠?사실 빛깔만 봤을때도 감동은 있었지만더 큰 감동은 먹었을때예요고기 진짜 와우..♡모둠의 양은 300g 이었어요 :) 차돌박이 100g구기용 고기가 전체적으로 다양한 부위로 준비되어지기때문에다채롭게 즐길수있었어요일단 구이용 고기만 400g이기 때문에둘이 먹기에는 넉넉한 양이였어요 마지막으로 불고기 !!빛깔 좋은 양념 숯불고기가 300g 고기만 총 700g이 준비되어져요 세트 메뉴가 진짜 가성비 최고 맞죠 ?고기는 보여드린 순서대로 먹으면 되는데 먹기전부터 기대 만발..&gt; &lt; 맨처음 구이용 고기 올려줬어요 빛깔 진짜 장난없구요 마블링까지 진짜 고기가 예술이더라구요설악산맛집 제대로 찾아왔어요 정말육질이 너무 좋고 부드러워요한 점 입에 넣자마자 천국이 따로 없더라구요   영롱한 고기 비쥬얼 보세요 혼자보기 아까운 비쥬얼인데 영상으로 맛까지 느껴지면 좋을텐데 아직 그런 기술이 없어서 아쉽 ㅜ.ㅜ     .pzp .pzp-poster--d44d31cf-74e2-4488-99b5-622ed9e7666d.pzp-poster--loaded {background-image: url(""https://phinf.pstatic.net/image.nmv/blog_2024_03_21_1060/47306022-e770-11ee-be35-80615f0bcca8_01.jpg"");background-size: contain;background-position: center;background-repeat: no-repeat;}  광고 후 계속됩니다.     다음 subject author   			취소		   설악산한우 	재생  2 	좋아요  0 		좋아요	   		공유 하기	                       0:00:00    		재생	    		음소거	         	00:00  	00:19 실시간     		설정	    		전체 화면	      			해상도		 자동 480p   			자막		 사용 안함  			재생 속도		 1.0x (기본)   해상도   			자동 (480p)		   			1080p		 HD    			720p		 HD    			480p		   			270p		   			144p		    자막 	설정   			사용 안함		      옵션  글자 크기    배경색    재생 속도   0.5x 1.0x (기본) 1.5x 2.0x            알 수 없는 오류가 발생했습니다.     					도움말				   음소거 상태입니다.             도움말                    라이센스         				고화질 재생이 가능한 영상입니다.				설정에서 해상도를 변경해보세요.			 더 알아보기 	0:00:00              설악산한우 기가 막혀지게 구워진 한우 좀 보세요 이번 여행은 정말 잘 먹고 돌아다닌것같아요 우리 남편몬 고기 진짜 기가막히게 구워요사장님께서도 남편몬 고기 굽는것 보고 칭찬하시더라구요 :)  차돌박이는 빨리 익으니까 한점씩 구워서 바로바로 입에 넣어줬어요기름이 많은 부위라서 살짝 느끼할수도있지만고소한 맛도 많이 나서 좋아하는 부위중 하나이기도 하구요 :)   마지막으로 숯불고기도 올려줬어요 설악산맛집에서 한우 먹고 몸보신까지완벽하게 하고 온 여행이었는데고기맛은 집에 와서도 계속 기억에 남더라구요 :)  불고기는 사장님께서 직접 구워주셨어요 간장 양념인데 간이 세지 않고달지 않아서 간이 딱 좋았어요 처음에 우거지탕 나오면서 같이 나왔던 밥이랑 먹으니까 딱 좋더라구요   그리고 마지막 바로 냉면 !물냉, 비냉 고를수있는데 봉닝부부는 언제나비냉 :)숯불고기랑 비냉이랑 같이 어도 꿀맛 ~메뉴가 여러개가 나오다보니까 이렇게 저렇게 꿀조합을 만드는것도 재미있었어요  설악산맛집에서 진짜 거~ 하게 한끼 먹은 후기입니다:)종합적으로 맛도 있고 식당도 청결하고 직원분들도 모두 친절하셔서 정말 좋은 시간을 보내고왔어요 속초여행을 다시 간다면 재방문 의사도 있구요 ^^효닝닝은 이제 제주도 짐을 싸보러 가볼게요내일 아침부터 움직이려면 짐 빨리 싸고 일찍 자야할것같아요 모두들 금요일 화이팅 하시고 효닝닝은 제주도 잘 다녀와서 다시 돌아올게요 :) 설안산로 한우매일 : 10:30 ~ 21:00브레이크 타임 : 14:30 ~ 16:30라스트 오더 : 20:0050m© NAVER Corp.더보기 /OpenStreetMap지도 데이터x© NAVER Corp. /OpenStreetMap지도 컨트롤러 범례부동산거리읍,면,동시,군,구시,도국가설악산로한우강원특별자치도 속초시 설악산로 110 설악산로 한우예약 ' 이 포스팅은 업체에서 이용권을 제공받아 솔직하게 작성되었습니다 '  ]",20240322
속초 설악산 맛집 설악산로한우 고급한우식당 속초 고기집... ,"[속초 설악산 맛집 설안산로한우고급한우식당 속초 고기집 식도락 여행  설안산로한우 【 방문날짜 2024년 03월 21일 】 | 식당 주소 : 강원 속초시 설악산로 110 설악산로 한우| 영업시간 : 오전 10시 30분 ~ 저녁 21시| 브레이크타임 : 14시 30분 ~ 16시 30분, 주말은 브레이크타임 없이 운영| 라스트오더 : 20시| 정기휴무 : 연중무휴| 웨이팅 : 많이 기다리지 않는편✔️ 네이버 예약 후 방문하면 한우 육회 쿠폰 증정✔️ 식당과 설안산과 차량으로 10분거리로 가깝다✔️ 예약 전용 룸실과 세미나실 구비중- 타캣의 식도락 여행 오늘의 식도락 여행, 한우 소고기  금강산의 식후경이라는 말을 아시나요? 아무리 좋은 풍경도 배가 부르고 난 뒤에 보아야 더 멋지고 예쁘게 보인다는것.지인들과 강원도 속초 당일치기 여행을 다녀왔습니다. 일정중에 설악산도 다녀오는 스케줄이었는데 배가 고픈상태로 산에 오르면 힘이 나지 않을것 같아서 속초 중앙시장에 먼저 들려서 군것질을 했고. 메인 식사로는 설악산 입구에서 멀지않은 10분이내 거리에 있는 고급한우식당 설악산로한우에 방문해서 맛있는 고기를 먹으며 배에 기름칠을 했어요. 배를 든든하게 채워서일까? 설악산에 가는 발걸음은 가벼웠고. 예쁜 설악산 풍경 사진을 찍을 수 있었습니다. 저는 여행에서 식도락이 우선 순위중 하나라 맛집 탐방은 빼놓을 수 없다고 생각하고 있습니다.오늘은 일행들과 방문했던 내돈내산 속초 설악산 맛집을 소개합니다.   설악산 근처 맛집 설악산 케이블카를 타고 권금성에 오르기전에 방문했던 식당은 속초 한우 고기집으로 유명한 설안산로 였습니다. 고기집 바로 옆에는 카페도 운영중! 매장에 들어서니 외관은 한옥 분위기의 옛 분위기가 느껴졌는데 내부는 화이트 색감에 밝은 조명으로 화사한 분위기로 꾸며져 있어서 반전 매력이 있었습니다. 일반 고기집과 다르게 고급스러운 분위기느낌을 받았어요. 특이하게도 와인을 비롯한 다양한 술도 식당에서 판매중이었는데 한우랑 와인이 잘 어울린다고 하더라고요? 아쉽게도 등산을 위해 먹지는 못했어요.   세미나실과 예약실  속초 설악산 맛집 설악산로는 단체로 회식하기도 좋아보 였습니다. 2층에 세미나실이 있었는데 단체 예약 고객은 무료로 이용가능하고 최대 70명까지 수용이 가능하더라고요. 정면에는 tv 모니터도 있어 자료를 틀어두고 회식하기에 좋겠다는 생각이 들었습니다. 단체손님이 아닌 일반 예약실도 1층에 있었고. 조용하게 방해받지 않고 일행들과 식사하고 싶다면 사전에 미리 예약하면 좋을 것 같습니다.   설악산로한우 메뉴판 세트메뉴부터, 점심 특선으로 한우 숯불고기 정식, 단품 식사메뉴 우거지탕, 특곰탕, 육회와 소고기 비빔밥 등 다양한 식사메뉴 들이 있습니다.   통갈치조림 한상차림  주문한 메뉴설악산 세트세트 구성 : 한우모듬300g, 차돌100g, 숯불고기300g, 우거지탕 + 상차림 2인 무료, 냉면1, 공기밥1- 타캣의 솔직담백 리뷰  영상으로 보는 전체 메뉴 구성    .pzp .pzp-poster--2e196e21-205e-45fd-bef3-00b197ad8d09.pzp-poster--loaded {background-image: url(""https://phinf.pstatic.net/image.nmv/blog_2024_03_29_2175/bf63c4e3-eda4-11ee-befa-a0369ff85fa8_01.jpg"");background-size: contain;background-position: center;background-repeat: no-repeat;}  광고 후 계속됩니다.     다음 subject author   			취소		   때깔이 다른 설악산로 한우 상차림 	재생  10 	좋아요  2 		좋아요	   		공유 하기	                       0:00:00    		재생	    		음소거	         	00:00  	00:07 실시간     		설정	    		전체 화면	      			해상도		 자동 480p   			자막		 사용 안함  			재생 속도		 1.0x (기본)   해상도   			자동 (480p)		   			1080p		 HD    			720p		 HD    			480p		   			270p		   			144p		    자막 	설정   			사용 안함		      옵션  글자 크기    배경색    재생 속도   0.5x 1.0x (기본) 1.5x 2.0x            알 수 없는 오류가 발생했습니다.     					도움말				   음소거 상태입니다.             도움말                    라이센스         				고화질 재생이 가능한 영상입니다.				설정에서 해상도를 변경해보세요.			 더 알아보기 	0:00:00              접기/펴기때깔이 다른 설악산로 한우 상차림#속초설악산맛집#속초한우#속초고기집  숙성고기 일행중 친한형이 가족들과 자주 방문하고 있다고 고기가 다른곳과 남다르다는 속삭임에 넘어가 방문한 설악산로는 고급한우 전문 정육식당이었어요.최상의 맛을 이끌어내기 위해 냉장고에서 숙성 되고 있는 고기들을 직접 선택해서 고를 수 도 있고. 따로 주문할 수도 있었습니다. 기본적인 상차림비가 1인 4,000원이 있는데 다양한 밑반찬이 맛있고. 1++(9)등급의 최고급 한우가 정육식당이라 다른곳보다 저렴해서 비싸다고 느껴지지 않았습니다.밑반찬으로 양념게장, 김치, 부침개, 장아찌, 잡채 등 다양하게 나왔는데 그 중에 특히 궁중잡채가 맛있더라고요.  제가 시킨 설악산세트는 한우모듬, 차돌, 숯불고기로 구성되어 있습니다.  가장 먼저 한우모듬부터 먹기 시작했어요. 고기마다 불판을 다르게 해야해서 먹는 순서를 정해주시더라고요. 직원분이 맛있게 구워주셔서 일행들과 다음 스케줄 이야기와 속초 중앙시장에서 먹었던 먹거리를 이야기하며 편하게 먹을 수 있었습니다.엄청나게 바쁜 상황을 제외하고는 직원분이 테이블에 붙어서 고기를 구워주시는 듯 했어요. 저는 사실 소고기보다 돼지고기나 닭고기를 더 좋아하거든요? 그냥 제입맛에는 돼지, 닭이 더 맛있는데 그러한 생각을 깨준곳이 설악산로 였습니다.내가 상대적으로 덜 맛있는 소고기를 먹어왔구나, 고급한우집은 육즙과 고기의 맛과 질이 남달라 정말 맛있더라고요. 입에서 녹아내리는건 기본.  한우모듬을 맛있게 먹고난 후 불판을 교체 해주고 차돌박이를 먹었어요. 차돌박이는 세트에 포함되어 있던 냉면과 함께 먹으니 더 맛있더라고요. 앞서 먹은 두가지 메뉴도 맛있었지만 숯불고기가 저한테는 제일 별미더라고요. 양념된 고기와 팽이버섯과 파 등을 같이 구워서 먹어보았는데 놀랍도록 숯불향이 강하게 느껴져서 이거 직화로 구운것도 아닌데 어떻게 이런 맛이날까? 궁금해지더라고요. 부모님께도 대접해드리고 싶어 300g 포장해서 선물해드렸습니다. 우거지탕 세트메뉴에 포함 된 우거지탕은 잘 익은 우거지와 고기가 가득 들어있었고. 단품 식사 메뉴로 시키면 세숫대야만한 큰 그릇에 따로 나온다고 설명을 해주시더라고요.마무리 냉면  고기의 느끼함을 잡아줄 수 있는 냉면은 시원하고 양념맛이 색달라서 좋았습니다.   설안산로 카페 설악산 맛집 설악산로한우 집 바로옆에는 한옥 컨셉의 동일이름의 카페가 운영중인데 식당에서 식사 후 영수증을 가지고 방문하면 10% 할인을 해줘요.식후 디저트로 빵과 음료수를 맛있게 먹었어요.  식당 위치적 장점 설악산 맛집으로 소개해드린만큼 설악산과 가까운데요. 차량으로 10~12분이면 도착이 가능합니다. 속초8경 속초해수욕장과도 가깝습니다.   지도와 찾아 가는법 50m© NAVER Corp.더보기 /OpenStreetMap지도 데이터x© NAVER Corp. /OpenStreetMap지도 컨트롤러 범례부동산거리읍,면,동시,군,구시,도국가설악산로한우강원특별자치도 속초시 설악산로 110 설악산로 한우예약 자가용 &amp; 렌트카 : 설악산로 내비게이션에 검색후 카페와 식당 상관없이 방문하시면 됩니다.도보와 대중교통 이용 시 : 속초 고속버스터미널에서 7-1번 버스탑승후 하도문 정류장에서 하차 후 도보로 4분 이동.   주차장 위치, 주차 팁✔️ [A] 식당 주차장 : 무료 30~50대 넘게 주차할 수 있는 넓은 주차장 보유.   좋았던점 , 아쉬운점좋았던 점설악산과 가깝다설악산도 식후경, 등산 전 맛있는 식사에 만족숙성고기 맛있다1++ 등급의 한우 맛있어요.  아쉬운 점없었습니다아쉬운점은 없었는데, 가게 분위기도 좋고음식맛도 맛있어 다음에 부모님 모시고방문해보면 좋을것 같아요.  설안산로한우설악산 입구에 위치한 고급한우식당속초 식도락 여행에 걸맞는 맛집이었다.- 타캣의 지구별 여행   ]",20240329
속초 여행 설악산 케이블카 운영시간 및 요금 예약방법... ,"[속초 여행 설악산 케이블카 운영시간 및 요금 예약방법 주차까지 알아봄안녕하세요? 평소 가족들과 함께 여행을 즐기면서, 이번 켄싱턴호텔설악에서 1박을 함께 했습니다. 호텔에서 가까운 속초 여행에서 꼭 가봐야할 설악산 케이블카 운영시간 및 요금 예약방법 주차까지 알아봤는데요. 아래 실제 매표소 부터 운영시간 및 요금까지 상세하게 담아봅니다.   설악산은 가을에는 단풍 명소, 겨울에는 설경으로 정말 유명하죠. 설악산 등산을 해서 올라가시는 분들도 많은데, 케이블카를 이용해서 해발 700m 높이에 권금성 까지 쉽게 올라갈 수 있습니다.정상에서 동해바다, 울산바위, 토왕성 폭포까지 멋진 경관을 한눈에 볼 수 있는데요. 이번 설악산 케이블카 운행시간 및 요금안내, 예약 방법까지 상세하게 담아봅니다. 속초 여행 설악산 케이블카 주차주차의 경우 저희 가족은 켄싱턴호텔 설악에 숙박을 하였기에, 주차 걱정은 없었습니다. 날씨가 풀리다 보니 많은 여행객 분들과 등산객 분들이 찾고 계시는데요. 기본적인 서락 케이블카 마지막 주차장으로 설악산국립공원유료주차장을 이용하시면 됩니다.켄싱턴호텔 설악 주차장 요금의 경우 12시간 이상 10,000원씩 받고 있으니 참고하시면 됩니다.  설악산 케이블카 입장료 및 요금현황먼저 입구에서 보이는 설악산 입장료는 무료 입장이 가능합니다. 23년도 부터 문화재 구역은 무료 입장으로 바뀌면서, 등산이나 속초 여행 설악산 케이블카를 찾는 분들에게 좋습니다. 3월말의 설악산 전경을 보면 아직 산 꼭대기는 눈이 남아있습니다. 설악산국립공원과 신흥사 고즈넉한 절을 찾으면서 멋진 설경도 감상하실 수 있습니다. 설악 케이블카의 금액은 유료 이용이 가능합니다. 사진이 보이듯이 속초 여행 설악산 케이블카 운영시간 및 요금 예약방법은 왕복 기준으로 대인 15,000원, 소인 11,000원, 유아는 무료 운영을 하고 있습니다.  *편도는 판매를 하지 않고 5분 단위 왕복으로만 운영하니 참고하세요 속초 여행 설악산 케이블카 운영시간 및 요금 예약방법 주차후 찾아오시는 방법은 신흥사 불교문화유산 안내소에서 약 300m 정도 걸어서 올라오시면 바로 매표소가 보입니다. 건물 1층에서 매표소 발권 후 탑승장으로 올라가시면 바로 속초 여행 설악산 케이블카 타고 올라가실 수 있습니다. 아래도 말씀드리겠지만, 티켓은 인터넷 예매가 불가하고 당일 현장 구매만 가능! 운행시간 1일 전 홈페이지 공지 사항 체크 및 날씨에 미운영 될 수 있습니다. 케이블카의 경우 날씨의 영향을 많이 받기 때문에 온라인 예약은 받지 않고 있으며, 직접 방문 현장 구매만 가능합니다. 주말의 경우 아침부터 방문자가 많기 때문에 주말 방문을 추천 드립니다.건물 내부에는 간단한 먹거리나 기념품샵도 있으니 구경후 올라가셔도 좋습니다. 시간에 맞춰서 탑승후 올라가면 됩니다. 기본 50명 탑승 인원이면서 약 1,128km 운행거리 도착지의 해발 669m 정보를 말씀드립니다. 케이블카를 타고 꼭대기로 오르면 봉화대, 권금성 성터와 안락암, 무학송, 울산바위 전경, 신흥사 전경 (청동분좌상) 등이 함께 보이니 여행 시 참고하시면 좋습니다. 꼭대기에서 보이는 설경과 아직은 남아있는 눈과 함께 멋진 전경을 느껴볼 수 있는데요. 다음 포스팅에서는 신흥사와 멋진 전경 후기들을 이어가 보겠습니다.겨울 함박눈이 내리면 왜 여행객들이 속초로 달려오시는지 느낄 수 있었고, 가을 단풍계절에도 꼭 한번 다녀올 계획을 세웠습니다. 멋진 설경, 가을 단풍을 맛보고 싶은 분들이라면 꼭 방문해보시고, 필수로 홈페이지에 운행정보는 확인 후 방문하시는 걸 추천드립니다.    .pzp .pzp-poster--0a690202-8d8a-404e-a7a2-712988610627.pzp-poster--loaded {background-image: url(""https://phinf.pstatic.net/image.nmv/blog_2024_04_04_1006/268d312e-f28a-11ee-a6f4-b4432650023e_01.jpg"");background-size: contain;background-position: center;background-repeat: no-repeat;}  광고 후 계속됩니다.     다음 subject author   			취소		   - 	재생  5 	좋아요  1 		좋아요	   		공유 하기	                       0:00:00    		재생	    		음소거	         	00:00  	00:05 실시간     		설정	    		전체 화면	      			해상도		 자동 480p   			자막		 사용 안함  			재생 속도		 1.0x (기본)   해상도   			자동 (480p)		   			1080p		 HD    			720p		 HD    			480p		   			270p		   			144p		    자막 	설정   			사용 안함		      옵션  글자 크기    배경색    재생 속도   0.5x 1.0x (기본) 1.5x 2.0x            알 수 없는 오류가 발생했습니다.     					도움말				   음소거 상태입니다.             도움말                    라이센스         				고화질 재생이 가능한 영상입니다.				설정에서 해상도를 변경해보세요.			 더 알아보기 	0:00:00              접기/펴기-- 3km© NAVER Corp.더보기 /OpenStreetMap지도 데이터x© NAVER Corp. /OpenStreetMap지도 컨트롤러 범례부동산거리읍,면,동시,군,구시,도국가설악 케이블카강원특별자치도 속초시 설악산로 1085설악산오색케이블카(2025년예정)강원특별자치도 양양군 서면 오색리 466신흥사유료주차장강원특별자치도 속초시 설악산로 1042소공원주차장강원특별자치도 속초시 설악산로 1032켄싱턴 호텔 설악주차장강원특별자치도 속초시 설악동 101-1 ]",20240404
속초 여행 추천 코스 설악산 국립공원 속초 여행코스,"[속초 여행 추천 코스 설악산 국립공원 속초 여행코스벚꽃 개화시기에 속초여행을 계획하고 있다면 벚꽃길과 함께할 수 있는 설악산 국립공원과 영랑호수공원을 여행 코스로 추천하고 싶다. 다가오는 주말에 영랑호 벚꽃축제도 열려 즐길 거리가 늘어난다. 아름다운 장사항 해안 길에서 시작해서 설악산까지 다녀온 순서대로 속초 여행코스를 정리했다. 여행일; 2024년 3월 30일 1. 장사항강원 속초시 장사항 해안 길 58장사해안길과 함께할 수 있는 장사항은 고성군과 경계선에 자리한 아담한 항구로 멋진 바다 풍경과 함께할 수 있어 힐링이 되었다. 기다란 방파제에서 바다낚시 즐기는 사람들도 자주 보여 따라 하고 싶다는 욕심도 생긴다. 하지만 방문한 날에는 수평선을 바라보며 가볍게 걷는 것으로 대신했다.  주변으로 오션뷰를 자랑하는 쉼터와 카페도 있어 바다를 배경으로 사진 놀이 즐기며 여유롭게 쉬는 시간도 만들었다.  한적해서 평화로운 항구 풍경을 만끽했던 속초 여행 추천 코스이다. 주변으로 횟집도 모여 있어 싱싱한 활어회도 즐길 수 있다.  근처에 자리한 장사항 해변을 찾으면 고운 모래와 어우러진 갯바위를 만날 수 있다. 피크닉 장소로도 유명하며 미역과 조개 등 채취하는 사람들도 눈에 들어온다. 주차는 차박하기 좋은 장소로도 알려진 장사항 선착장과 해변 주차장을 무료로 이용할 수 있다. 2. 영랑호수공원속초시 동명동 512-82벚꽃 명소로 알려진 영랑호수공원은 바다처럼 넓은 규모를 자랑하여 전 코스 모두 도보로 이동할 경우 2시간 정도 소요된다. 평탄한 둘레길로 자전거 전용도로도 있어 대여한 자전거를 타고 라이딩 즐기는 사람들도 자주 만났다.  걷기 힘들다면 중간 지점에 자리한 영랑호수윗길만 찾아도 만족스러운 속초여행이 될 것 같다. 400m 부교로 물 위를 걷는 듯한 느낌을 받으며 걷다 보면 속초 설악산도 눈에 들어온다.  중간 지점에 자리한 원형 광장으로 포토 존도 있어 영랑호를 배경으로 사진 찍기 좋았다.  벚꽃이 개화하는 4월 6일부터 영랑호 잔디광장 일원에서 벚꽃축제도 열려 속초 여행 추천 코스이다. 다양한 먹거리 외에도 플리마켓, 무료 체험 등 기다려 아이들과 갈만하다. 야간 조명 터널도 있어 밤 산책도 즐기고 싶어진다. 곳곳에 무료 주차장을 두어 편하게 찾을 수 있다.  영랑호수공원 볼거리로 좋은 범바위도 근처에 있어 함께 구경했다. 여러 모양의 바위도 주변으로 자리 잡고 있어 하나씩 찾다 보면 즐길 거리가 늘어난다. 범바위전망대에서 영랑호를 한눈에 바라볼 수 있었다.  3. 속초설빙정막국수속초시 응동길 32입구에 자리한 넓은 주차장에 도착하면 설악산을 바라볼 수 있어 도착과 동시에 심신이 상쾌해진다. 평일 점심시간에도 가족, 커플들이 보여 인기 좋은 음식점이다는 것을 한 번 더 느낄 수 있었다. 부모님 모시고 아이들과 찾은 가족들의 화기애애한 모습을 바라보며 주문한 음식을 기다렸다.  실내는 넓고 깔끔해서 기다리는 시간마저 즐거웠다. 창밖으로 펼쳐진 속초설악산도 한몫을 했다. 방문한 날에는 대부분 주문하는 시원한 동치미 막국수와 수육, 비빔막국수 외에도 감자 전과 함께해서 식탁 위가 푸짐하다.  100% 메밀면을 직접 반죽하여 동치미 막국수를 주문하면 고소하고 담백한 맛을 즐길 수 있었다. 적당히 매콤한 비빔막국수도 있어 취향에 맞는 선택이 가능하다. 소화제 역할도 했던 시원한 동치미 국물을 조금 넣어 비벼 먹으면 먹고 또 먹을 수밖에 없다. 겨자, 식초, 설탕도 약간씩 넣으면 감칠맛이 늘어난다.  특제 소스와 고소한 깨 듬뿍 올린 비빔 막국수에 명태회와 함께할 수 있는 삼겹살 수육까지 올려 먹으면 입이 즐거워진다. 싱싱한 상추에 올려 먹는 맛도 별미다. 국산 순메밀, 돼지고기, 고춧가루를 사용하고 메뉴 하나하나 입에 맞아 속초 여행 코스로 만족스럽다.  주문과 동시에 감자를 갈아서 사용한 감자 전은 두툼하지만 테두리는 바삭하고 중앙은 촉촉해서 먹고 또 먹었다. 진한 감자향이 돋보여 재방문할 때 또 먹고 싶은 메뉴이다. 사계절 찾고 싶은 속초 설악산 국립공원도 차로 5분 거리에 위치한다. 지금은 벚꽃터널이 기다려 많은 사람들이 찾을 것 같다. 설빙정 영업시간; 매일 10;00 ~ 19;00 4. 설악산 자생식물원속초시 바람꽃마을길 164설악산에서만 볼 수 있다는 수많은 식물들을 한곳에 모아 놓은 식물원이다. 멸종 희귀식물부터 야생화까지 다양한 종류의 꽃을 구경할 수 있는 자연 생태학습장으로 수생식물원, 암석원, 미로원 외에도 걷기 좋은 자연 탐방로와 산책로를 갖추어 가볍게 걷기 좋았다.  힐링과 휴양을 제공한다는 자생식물원 안에 온실원도 있어 아이들과 다시 찾고 싶다. 특히 꽃 피는 계절에 찾으면 좋을 것 같다는 생각도 들었다. 하지만 애완동물 동반 불가한 식물원이다. 주변 지형을 최대한 보존하고 활용한 자연 친화적인 식물원으로 근처에 설악 누리길과 함께할 수 있는 척산 족욕공원도 있다. 무료로 온천수에 족욕을 즐길 수 있어 매력적이다.  속초 설악산 자생식물원 입구에 자리한 무료 주차장은 소형 20대 주차할 수 있다. 화장실 갖추었고 입장료, 주차요금 무료이다. 이용 시간; 매일 09;00 ~ 18;00 (연중무휴) 5. 신흥사속초시 설악산로 1137강원 속초시, 양양군, 고성군, 인제군에 걸쳐 있는 설악산국립공원은 한라산, 지리산 다음으로 높은 산이다.  나무가 많아 신록, 단풍이 특히 유명하지만 이맘때 입구에 자리한 벚꽃길도 많이 찾는다.   속초 여행으로 방문한 날에는 벚꽃터널을 볼 수 없어 아쉬웠다. 하지만 사시사철 푸른 소나무 길과 함께할 수 있는 신흥사 덕분에 힐링이 되었다.  일주문을 지나면 거대한 석가모니불을 만날 수 있다. 통일을 염원하는 통일대불로 높이가 14.6m이다. 청동 108톤으로 조성되었다고 해서 두 눈이 커진다.   일주문, 사천왕문 순서로 경내에 들어서면 팔작지붕이 돋보이는 극락보전이 눈에 들어온다. 신흥사는 조선 시대 사찰로 병풍처럼 감싸는 외설악과 어우러져 고즈넉한 분위기도 더불어 느낄 수 있었다. 그래서인지 구경하다 보면 마음이 편안해진다.  돌담과 기와지붕이 멋스러워 그 앞은 포토 존이 되었다. 소원과 함께 돌을 올려놓은 돌탑도 있어 시선을 모은다.  사찰 옆으로 기다란 계곡도 있어 더운 여름과 단풍이 물드는 계절에 다시 찾고 싶다는 생각도 들었다. 진한 쌍화탕 냄새가 전해지는 설향과 케이블카 타는 곳도 근처에 있다. 설악산국립공원 매표소에서 300m 정도 거리에 위치한다.  신흥사 입구에서 케이블카를 안내하는 표지판을 만날 수 있다. 10분 정도 이동하면 설악산 비경을 감상할 수 있는 권금성으로 갈 수 있어 평일에도 오고 가는 발걸음이 이어진다. 매표를 한 뒤에 케이블카 탑승을 기다리는 동안 신흥사를 구경하는 여행객들도 보인다.  3월 말에 방문했는데도 여전히 속초설악산은 하얀 옷을 입고 있어 신기했다. 그래서인지 입구에 자리한 벚꽃나무는 꽃 없이 앙상했다. 하지만  다가오는 주말에 벚꽃을 팡팡 터트리지 싶다. 그 길이 짧지않아 다시 가고 싶을 정도로 기억에 남는 벚꽃길이다.  설악산국립공원 소공원 주차요금은 6,000원이며 2km 떨어진 지점에 무료주차장도 있다. 2023년 5월 4일부터 문화재구역 입장료가 무료로 바뀌어 입장료는 없다. 이맘때 속초여행을 계획하고 있다면 추천하고 싶은 속초 여행코스이다.     .pzp .pzp-poster--b4ed1164-1f6e-4e8d-a7f2-898cf8e09614.pzp-poster--loaded {background-image: url(""https://phinf.pstatic.net/image.nmv/blog_2024_04_05_2999/e902d282-f355-11ee-86ef-b4055dce0220_03.jpg"");background-size: contain;background-position: center;background-repeat: no-repeat;}  광고 후 계속됩니다.     다음 subject author   			취소		   속초 여행 추천 코스 설악산 국립공원 속초 여행코스 	재생  2 	좋아요  0 		좋아요	   		공유 하기	                       0:00:00    		재생	    		음소거	         	00:00  	02:09 실시간     		설정	    		전체 화면	      			해상도		 자동 480p   			자막		 사용 안함  			재생 속도		 1.0x (기본)   해상도   			자동 (480p)		   			720p		 HD    			480p		   			270p		   			144p		    자막 	설정   			사용 안함		      옵션  글자 크기    배경색    재생 속도   0.5x 1.0x (기본) 1.5x 2.0x            알 수 없는 오류가 발생했습니다.     					도움말				   음소거 상태입니다.             도움말                    라이센스         				고화질 재생이 가능한 영상입니다.				설정에서 해상도를 변경해보세요.			 더 알아보기 	0:00:00              접기/펴기속초 여행 추천 코스 설악산 국립공원 속초 여행코스속초 여행 추천 코스 설악산 국립공원 속초 여행코스#속초여행#속초설악산#설악산#속초여행코스#속초여행추천코스#국립공원#설악산국립공원 3km© NAVER Corp.더보기 /OpenStreetMap지도 데이터x© NAVER Corp. /OpenStreetMap지도 컨트롤러 범례부동산거리읍,면,동시,군,구시,도국가장사항강원특별자치도 속초시 장사항해안길 58영랑호수공원강원특별자치도 속초시 동명동 512-82속초설빙정막국수 냉면강원특별자치도 속초시 응동길 32설악산자생식물원강원특별자치도 속초시 바람꽃마을길 164신흥사강원특별자치도 속초시 설악산로 1137 신흥사  ]",20240405
속초 여행 선물 중앙시장에서 구입한 설악산단풍빵,"[속초 여행 선물설악산단풍빵아이들 개학 전 당일치기로 다녀온 속초여행속초를 겁도 없이 당일로 다녀온 것도 신기하지만별다른 일정도 없이 다녀온 여행이었던 것에 비해나름 만족스러운 여행 코스였어요.그중에서 오늘 소개할 것은 속초 여행 선물로 구입했던 것이에요.  여행에서 쇼핑은 빠질 수 없어요.그게 어느 지역이라도 말이에요.사실 속초에서는 이미 휘낭시에도 한 상자 사고,기념품샵에서 이것저것 잔뜩 구입한 상태였지만속초 중앙시장 바로 앞이니 가지 않을 수 없었다고 변명해 봅니다. 속초 휘낭시에 구입한 카페도 기념품샵도 바로 여기,속초 중앙시장 근처였어요.써 있기는 속초관광수산시장이라고 되어 있었는데여기가 수산시장 뿐 아니라 닭강정 골목도 있고,젓갈 어시장골목도 있더라고요.아마 여기를 통칭해서 속초 중앙시장이라 하는가봐요. 주차장에 주차 후 가장 먼저 찾은 곳은 저희가 들어간 입구에서 멀지 않았던 곳이에요.  아! 그런데 이날 신기한 일이 있었어요.사진 한장에 찍힌 사람만해도 저렇게나 많은데솔양이 저랑 저 골목을 지나가다 ""어!?"" 하는 거예요.지난해 같이 전교학생회장 선거에 나갔던 언니를 본거 같대요.근데 솔양이 안경을 안쓰고 있었어서...분명 언니 같기는 하지만 저기는 속초고.속초에서도 하필 그 시간에 학교 선배언니를,이들이 다니는 학교는 경기 남부권인데.게다가 주말도 아니었고,뭐 특별한 날이 아닌그냥 방학 중 하루, 평일이었으니,학교 선배를...속초 중앙시장에서 만날 확률이 얼마나 되겠냐며고개를 갸웃갸웃 하다가 언니의 도플갱어를 만난 모양이라 결론짓고진짜 똑같이 생겼었다고, 언니랑 키도 비슷하다고 하며 갔더랬어요.그런데 둘이 나중에 인스타 스토리 확인하고 그때 마주친 사람이 진짜 였다는 걸 알았다는 이야기.둘이 뒤늦게 연락하고 엄청 신기해 했다는 이야기.&gt;.&lt;  다시 본론으로 돌아와서! 저희가 찾은 속초 여행 선물 구입장소는 여기에요.설악산단풍빵  속초에서 만드는 K-디저트국내산 쌀가루와 통팥앙금, 메이플잼이 들어가달콤하고 부드럽고 촉촉한~ 게다가 눈으로 보기에도 즐겁고종류가 다양해 속초 여행 선물을 해야한다면,혹은 속초에서 특별한 기념품을 구입하고 싶다면들러보기 좋은 곳인 것 같았어요. 솔양과 감탄을 금치 못했던설악산단풍빵 제품들로 꾸며진 트리~이거 넘나 제 스타일이더라고요.집에 가져다 꾸며놓고 싶었어요. ㅋㅋ 속초 뿐 아니라 강원 다래빵제주 바나나빵원주 복숭아빵경주 체리빵 등등 다양한 지역 특산물로 만들어진 빵들이 있었어요. 솔군이 낚시 가면서 꼭 사오라 부탁했던고창 수박빵도 이렇게 있더라고요.완전 반가움~~ &gt;.&lt; 자두와 사과, 복숭아와 참외, 샤인머스켓까지과일빵도 별도 구성이 있었고,모양이 넘나 예뻐서 이것도 저것도 다 사고 싶어 고민이 될 지경이었어요.  속초 여행 선물로 좋은 구성도 있었어요.속초세트와 미니종합세트속초세트는 특히 설악산단풍빵과 울산바위쿠키 위주의 구성이었고,다양한 과일빵이 맛보고 싶다면미니종합세트도 좋겠더라고요. 쿠키류에 눈길이 간 저는 미니종합세트와 함께 미니달콤세트도 하나 구입했어요. 그리고 원래는 설악산단풍빵을 구입하려다가이날 속초 여행 선물로 이게 더 낫겠다 싶어 튀어버린속초방울토마토빵!!!저는 12개 구성으로 구입했는데,어떤걸 선택해도 포장부터 제품까지디자인이 다 예뻐서 선물하기에도 그만이고,먹을 때도 기분 좋더라고요. 세상에~울산바위쿠키랑 단풍쿠키, 복숭아쿠키 모양 좀 보세요. 제주바나나빵은 아이들한테 인기가 없을 수 없는 아이템! 꼭 세트 구성이 아니더라도 낱개로 다양하게 구입이 가능해요.아!저 이날 또 커피빵은 낱개로 두개만 사려고 했었는데까맣게 잊고 다른것만 실컷 산 다음사진 보고 아차 했네요. @.@ 그렇게 설악산단풍빵 12개 상자와 미니종합세트 하나,미니달콤세트 하나.그리고 수박빵 두개를 낱개로 구입하니서비스로 경찰차 쿠키도 한개 주셨어요. 그리고는 속초 중앙시장 한바퀴를 둘러보며만석닭강정도 한상자 사고,속초 쫀드기도 한상자 사고...그렇게 돌다보니 반대쪽으로 나왔지 뭐에요. ㅋ반대로 크게 한바퀴 돌아 다시 주차장으로 이동합니다.  설악산단풍빵 구입하며 할인권 한장,만석닭강정 구입하며 할인권 한장 받았어요. 주차할인권은 2장만 사용이 가능하고,저희는 이날 주차 후녹차라떼도 마시고, 휘낭시에도 구입하고,기념품도 잔뜩 하고,속초 중앙시장 한바퀴 돌며 이것저것 구입도 많이 했는데추가 요금은 천원 남짓 냈던거 같아요. 여행에서 돌아와 다음날.오후에 커피를 한잔 마시려니 속초방울토마토빵이 궁금하더라고요. 상자를 열어보니~끼야아~  속초방울토마토빵은 속초시 지역특화 농산물인 무지개 방울토마토를보는 재미와 먹는 재미를 담아 만든 제품이래요. 무지개방울토마토빵 답게 색상도 초록, 빨강, 노랑.겉 색상은 다 다르고,먹어보니 맛은 다 같았어요.  개별포장되어 있어서 선물 하기 좋을 것 같았고,반으로 잘라보면 앙금이 이렇게나 많이 들어있어요.엄청 부드럽고, 촉촉하고, 달콤한 맛이더라고요. 달콤미니세트는 오는 동안 개봉해서 먹어버렸고....ㅋ이건 미니종합세트예요.선물하기 좋도록 지끈으로 리본도 묶어주셨더라고요.  복숭아빵 바나나빵 체리빵 다래빵 방울토마토빵 그리고 단풍빵과 치즈단풍빵구성도 아주 알차고 이중에 제가 먹어 본건 세가지인데세개 다 맛있었어요. 50m© NAVER Corp.더보기 /OpenStreetMap지도 데이터x© NAVER Corp. /OpenStreetMap지도 컨트롤러 범례부동산거리읍,면,동시,군,구시,도국가설악산단풍빵강원특별자치도 속초시 중앙시장로6길 14-1 속초 여행 선물로 구입한 설악산단풍빵다음 속초 여행에서는 과자의성도 넣어보고,더 많이 사와서 더 많이 먹고선물도 하고 싶은 곳이었어요.재방문의사 120% 있는 곳이랍니다!!! -일부제품 지원받았으며, 추가구입 제품은 직접 결제하였습니다.- ]",20240314
속초 설악산국립공원 케이블카 시간표 타는 곳,"[여행일 : 2024. 3. 8 / 글, 사진 : 아공3월 춘설이 폭설주의보로 바뀐 날(2024. 3. 7) 춘천도 눈이 내리기 시작했다.강릉 허균허난설헌기념공원 설중매를 보기 위해 당일 오전 강릉으로 달렸다.백두대간을 지날때까지만해도 폭설이 장난 아니었다.하지만 동해안 지역은 비가 내려 실망도 했지만 홍매화를 감상하고 양양을 경유속초에서 1박 하고 영금정에서 일출을 촬영한 후 설악산으로 향했다.밤새 내린 눈이 설악산을 다시 겨울로 만들었기 때문이었다.#속초여행 #설악산국립공원 #설악산권금성 #설악산 #속초설악산 #설악산케이블카 #속초케이블카 속초 설악산 국립공원 주차장 주차료속초 설악산 국립공원 주차장은 이른 아침에 도착하여서 여유가 있었으며 주차요금은 1일 6,000원이었다. 설악산 국립공원 입장료는 무료이며 엣 매표소부터 속초 설악산 케이블카까지는 약 500여 m도보로 찾아가야 한다.  가는 길은 봄이라고는 느낄 수 없을 정도로 눈이 어린이 키만큼 쌓여 겨울 정취가 그대로 남아 있었다.대만 등 동남아에서 온 관광객들은 하얀 설경의 설악의 매력에 빠져 인증샷 삼매경이었다. 이정표가 보이지 않을 정도로 쌓여 있는 속초 설악산의 설경은 속초 도심의 풍경과는 완전히 다른 풍경 이어서 봄과 겨울을 동시에 즐기는 기분이었다. 산 더미처럼 쌓인 눈길을 따라가는 설악산 국립공원의 풍경은 감동의 쓰나미였다.3월 봄이 시작되는 골목에 폭설이라니 이국적인 풍경에 감동이었다. 속초 설악산 케이블카 타는 장소에 도착하였지만케이블카 운행 여부가 궁금했다.속초 설악산 케이블카 탑승장까지 오는 동안 케이블카를 보지 못하여 폭설로 운행 중단되지 않았을까 하였지만 설악산 케이블카 탑승장에 도착한 순간 케이블카가 움직이는 모습을 보고 다행이었다. 속초 설악산 케이블카 탑승장 매표소에는 폭설로 인하여 대기 줄이 길지 않았으며왕복 대인 15,000원 소인 11,000원이다.매표 후 2층으로 올라가면 탑승장이다.  속초 설악산 케이블카 탑승시간은 오전 9시부터 오후 5시까지이며 정확한 탑승 시간은 운행시간 1일 전 공지한다.2대가 운행하는 설악산 케이블카는 1대당 50명이 동시에 탑승할 수 있으며 권금성 하차장 700m까지 10여 분 소요된다.    .pzp .pzp-poster--9a7fe730-23d8-4277-9d77-0d68a35b529b.pzp-poster--loaded {background-image: url(""https://phinf.pstatic.net/image.nmv/blog_2024_03_13_1684/6c781d19-e084-11ee-9167-a0369ffdf814_01.jpg"");background-size: contain;background-position: center;background-repeat: no-repeat;}  광고 후 계속됩니다.     다음 subject author   			취소		   속초설악산케이블카 	재생  282 	좋아요  3 		좋아요	   		공유 하기	                       0:00:00    		재생	    		음소거	         	00:00  	00:11 실시간     		설정	    		전체 화면	      			해상도		 자동 480p   			자막		 사용 안함  			재생 속도		 1.0x (기본)   해상도   			자동 (480p)		   			1080p		 HD    			720p		 HD    			480p		   			270p		   			144p		    자막 	설정   			사용 안함		      옵션  글자 크기    배경색    재생 속도   0.5x 1.0x (기본) 1.5x 2.0x            알 수 없는 오류가 발생했습니다.     					도움말				   음소거 상태입니다.             도움말                    라이센스         				고화질 재생이 가능한 영상입니다.				설정에서 해상도를 변경해보세요.			 더 알아보기 	0:00:00              접기/펴기속초설악산케이블카속초설악산케이블카#속초케이블카#설악산케이블카#설악산 설악산 케이블카에서 바라보는 설악산 권금성의 설경은 장관이었다.겨울도 아닌 3월에 설경이라니 마치 만년설이 있는 알프스를 여행하는듯한 기분이었다. 설악산 설경을 감상하며 오르는 케이블카는 순식간에 권금성 하차장에 도착하는 느낌이었다.케이블카 내부 방송에 의하면 폭설로 권금성 정상 등산은 불가하다고 하며바람이 심하거나 하면 조기에 하산하여야 한다고 안전 규칙을 계속 알려 주고 있었다. 설악산 국립공원 케이블카를 타고 오른 권금성 정상 탑승장에서 주변 설악산의 파노라마를 감상할 수 있었다.순백의 속초 설악산 국립공원의 설경을 맘것 감상할 수 있음에 설악산 케이블카 탑승하길 잘 했다는 생각이었다. 전이 비 오고 눈 내린 날씨와는 다르게 청명하고 맑은 하늘은 멀리까지 바라볼 수 있어 넘실대는 설악산의 비경들을 맘껏 즐길 수 있었다. 한국에서 가장 아름답다는 설악산의 비경을춘삼월에 설경을 즐길 수 있다는 비현실적인 풍경에 모든 관광객은 포인트에서 사진 촬영 삼매경이었다. 감동은 스마니처럼 밀려왔다.폭설로 권금성 정상까지 오를 수는 없었지만 아름다운 설경에 추위마저 잊을 수 있었다. 동남아에서 온 여행자들은 눈이 신기한 듯 눈 속에 누워 평생 잊을 수 없는 인생샷 촬영 놀이에 푹 빠졌다. 멀리 바위산 사이로 폭포도 보인다꽁꽁 얼어붙은 폭포도 장관이었다. 굽이굽이 이어지는 설악산의 비경들을 감상하는 사이 갑자기 강풍이 휘몰아쳤다. 혹시나 하는 마음에 하산을 결정하였다.  하산길에 보이는 설악산 국립공원에 자리한 신흥사 풍경도 이국적 이었다. 그리고 설악산의 명품 바위 울산바위가 그림처럼 다가왔다. 속초 설악산 케이블카 타고 설악산 권금성에 올라아름다운 설악산 풍경에 반한 날 춘삼월 속초 여행을 다녀오길 참 잘했다고스스로를 칭찬한다. 속초설악산케이블카강원특별자치도 속초시 설악산로 1085 50m© NAVER Corp.더보기 /OpenStreetMap지도 데이터x© NAVER Corp. /OpenStreetMap지도 컨트롤러 범례부동산거리읍,면,동시,군,구시,도국가설악 케이블카강원특별자치도 속초시 설악산로 1085  ]",20240313
"설악산 등산코스 추천 Top3, 초보에게는 비추천","[설악산 등산코스 중 추천드리는 3곳, 하지만 초보들에게는 비추천 합니다. 개인적으로 가장 사랑하는 산은 설악산입니다. 제 모든 포스팅에 언급이 되어 있을 텐데요. 그 이유는 바로 대 산맥과 바다를 동시에 볼 수 있고 동해물 위로 떠오르는 일출을 감상할 수 있기 때문이지요.  그리고 백담사 소공원 한계령 남교리 오색 등 다양한 들머리와 날머리로 참 다양한 코스로 유명합니다. 게다가 고수님들이 하시는 대종주 태극종주 오메가 종주까지 어마어마한 루트들이 있습니다. 이웃님들께 딱 3곳만 추천해야 한다면 자신 있게 바로 여기를 소개해 드립니다. 한 번 간단하게 살펴볼까요?  1. 오색~대청봉약 5km 거리에 고도 약 1,300m를 올라가는 최상급 오르막 루트가 대부분입니다.   예상 이동거리 : 약 10km예상 소요시간 : 약 6~10난이도 : 상-최상-상주차장 : 오색그린호텔하지만 여기를 추천드리는 이유는 대청봉 일출을 보기 위한 최단 경로이기 때문입니다. 주차도 편리하고 안내 산악회를 이용하시는 분들도 들머리로 많이 이용합니다. 긴 산행을 하기 어려운 일정에 가볍고 빠르게 동해바다에서 떠오르는 태양을 보고 싶다면 추천드립니다. 초행이더라도 중간에 새는 길이 거의 없다시피 한 외길이라 조난의 위험은 적습니다.  반면 몇 시간 동안 진짜 끝없는 깔딱 고개 계단은 대단한 각오가 있어야 합니다. 그래서 등산을 아직 많이 접하지 못하신 초보들에게는 좋지 못한 추억으로 남을 수도 있습니다. 오색 코스의 상세한 내용은 아래 포스팅을 참조해 주세요.▼▼▼▼▼▼ 설악산 대청봉 최단코스 오색에서 등산 시간설악산 대청봉 최단코스 오색 등산 코스 시간 2시간 19분 설악산의 대청봉을 오르는 최단코스는 오색 코스...blog.naver.com  한계령 ~ 끝청~대청봉한계령에는 주차가 되지 않아서 3인 이상이 택시를 이용하던지 산악회를 이용할 경우 들머리로 이용을 많이 합니다. 경로명 : 한계령 들머리난이도 : 상-상-중주차장 : 없습니다. 버스터미널 근처 주차하고 택시로 넘어와야 합니다. 서북능선 코스라서 공룡 쪽에 비해서 많이들 가지는 않습니다. 난이도가 아주 어려워 보이지는 않지만 막상 가보면 너덜 길과 심한 업 다운 때문에 트레일러닝으로 속도를 낼 수가 없습니다.  트런화보다는 중등산화나 발목이 있는 신발이 더 도움이 될만한 루트입니다. 물론 산신령 같은 분이 크록스를 신고서 대종주를 하는 경우도 있더군요.  대부분은 아래와 같은 2가지로 많이 다녀옵니다.  소공원 ~ 마등령 ~ 공룡능선 ~ 천불동공룡능선은 정말 인기가 많은 곳인데 시간이 너무 촉박해서 선배들을 따라다니다 보면 숨을 헐떡이면서 경치는 거의 못 보고 인증샷만 겨우 찍는 경우가 허다합니다. 난이도 : 상-최상-상주차장 : 설악동 또는 소공원 주차장공룡을 마등령으로 올라가나 마등령으로 내려오나 힘들기는 마찬가지입니다. 오색으로 올라서 마등령으로 내려가거나 공룡을 패스하고 천불동으로 내려가는 코스도 있습니다.   한계령에서부터 공룡을 타고 소공원으로 내려가는 길은 너무 길어서 등력이 아주 좋은 분들만 하실 수 있을 것 같습니다. 물로 당일 종주가 가능할 수도 있겠지만 다음 날 정상적으로 출근이 가능할까요? 다음 날 아주 큰 이상 없이 일상이 이어질 정도가 되어야 도전해 볼만하다고 생각합니다.  초보자들에게 비추천 하는 이유등산코스를 짤 때는 정확히 내 산행 경력과 요즘의 체력 상태 그리고 당일의 기상 상태나 기온 눈 비 등의 환경도 잘 고려해야 합니다. 우리나라는 사계절이 있고 그 계절 사이에 환절기 때에는 또 다른 상황들이 발생을 하기 때문에 항상 오버 스펙으로 장비들을 준비해야 합니다. 특히나 땀에 대한 대비로 베이스레이어나 얇은 여러 가지 옷과 똥바람에 대비한 방풍까지 신경 써야 할 것이 한 두 가지가 아닙니다. 먹는 것 또한 중요합니다. 주기적인 수분 섭취와 에너지 섭취는 완등을 하는 것뿐만 아니라 운동한 후에 일상으로 원래대로 돌아가기 위해 너무 중요합니다. 이런 많은 준비들에 대한 경험을 대략 6시간 이내로 많이 쌓아 놓지 못하고 장거리 산행에 나서는 것은 아주 위험합니다. 악으로 깡으로 할 수 있는 것이 아니라서 우선은 선배들과 함께 갈 수 있다면 그렇게 등력을 축척하시는 것을 추천드립니다. 설악산 등산코스 Top3에 대해서 추천드려보았습니다!요 약설악산 자체가 초보자들에게는 참 버거운 루트들입니다.엄청난 고도 상승과 하강은 별스타에서 보듯이 콧노래를 부르며 다닐 수 없고 눈물 콧물 쥐어 짜내면서 내가 왜 여기서 이 고생을 하는지 스스로에게 되뇌며 고행길을 걷는 듯한 시간이 대부분입니다.하지만 조망이 터지고 정상석에 다다들 때쯤 이 고통들이 모두 잊혀지지만 하산할 때 똑같이 힘듭니다.등산 자주 다니면 안 힘드냐고요? 아니요~ 매번 거의 똑같이 힘듭니다. 다만 시간이 단축되고 익숙해질 뿐이지요하지만 그래도 이 대자연이 주는 아름다움은 그 무엇에도 비교할 수 없기에 오늘도 산행 준비를 하는 것입니다.     .pzp .pzp-poster--d1c00572-e85a-4acc-a629-cab56a4cfd0c.pzp-poster--loaded {background-image: url(""https://blogfiles.pstatic.net/MjAyNDAzMTVfMjM4/MDAxNzEwNDgxNTk1NjYz.F7BCQCp20uaO_v5h8m04B9-6gQWoB7POEkF5qehgZXUg.AvX40KL0QWlNtx6V4wNNmh1tUCzyVeUm1r_7z9pzvPEg.JPEG/P20231112_070603683_CB5459BC-2AAC-4ACC-9C44-5BE4EBF6FD12.jpg"");background-size: contain;background-position: center;background-repeat: no-repeat;}  광고 후 계속됩니다.     다음 subject author   			취소		   설악산 등산코스 추천 Top 3, 초보에게는 비추천 	재생  9 	좋아요  0 		좋아요	   		공유 하기	                       0:00:00    		재생	    		음소거	         	00:00  	00:14 실시간     		설정	    		전체 화면	      			해상도		 자동 480p   			자막		 사용 안함  			재생 속도		 1.0x (기본)   해상도   			자동 (480p)		   			1080p		 HD    			720p		 HD    			480p		   			270p		   			144p		    자막 	설정   			사용 안함		      옵션  글자 크기    배경색    재생 속도   0.5x 1.0x (기본) 1.5x 2.0x            알 수 없는 오류가 발생했습니다.     					도움말				   음소거 상태입니다.             도움말                    라이센스         				고화질 재생이 가능한 영상입니다.				설정에서 해상도를 변경해보세요.			 더 알아보기 	0:00:00              접기/펴기오색~대청봉~오색한계령~대청봉~오색소공원~공룡능선~신불동설악산 등산코스 추천 Top 3, 초보에게는 비추천#설악산등산코스#설악산등산코스추천#설악산초보코스  더 다양한 많은 등산 정보 ▼▼▼▼▼ 설악산의 천불동 계곡은 사계절 언제나 아름다워요!설악산 천불동 계곡의 사계절은 푸르르던 단풍으로 물들던 앙상한 나뭇가지만 있더라도 언제나 최고의 절경...blog.naver.com  중청대피소 역사속으로...설악산 중청대피소 철거, 40년의 운영을 마치고 역사속으로 사라집니다. 지하화하는 공사를 25년까지 마치...blog.naver.com  첨부파일20226543820_설악산국립공원 고화질.jpg파일 다운로드내 컴퓨터 저장네이버 MYBOX에 저장  ]",20240315
설악산 등산코스 신흥사 비선대 금강굴 초보 추천,"[설악산 등산코스 신흥사 비선대 금강굴 초보 추천겨울이 오기만을 손꼽아 기다렸습니다. 눈 덮인 설산을 감상하기 위한 목적이 뚜렷했거든요. 막상 겨울에 되니까 추운 날씨 탓인지 등산은커녕 여행도 안 다니게 되더군요. 그렇게 허송세월을 보내다가 갑진년 새해 일출을 보면서 다짐했습니다. 여행을 최대한 많이 다녀보자고 말이죠.올해 첫 번째 행선지는 강원도 속초에 위치한 설악산 국립공원입니다. 설악산 하면 소청봉, 대청봉 등 거대한 산봉우리가 생각나죠. 극악의 산행 난이도로도 유명합니다. 면적이 넓은 만큼 설악산 등산코스도 다양한 편인데요. 저는 설악산 소공원을 출발해 신흥사, 비선대를 경유하여 금강굴까지 올라봤습니다.   설악산 등산코스 출발점설악산 소공원 찾아가기설악산 소공원은 자차를 이용해서 찾는 분들이 많았습니다. 승용차 기준 주차비는 6천원입니다.속초 시내에서 버스를 이용하여 소공원을 찾을 수도 있는데요. 7, 7-1번 버스를 타면 됩니다. 수시(일 35회 이상)로 운행하기 때문에 배차 간격에 대한 걱정은 할 필요 없겠더라고요.  설악산 등산코스금강굴 코스 소개탐방구간소공원~와선대~비선대~금강굴(원점회귀 코스)입산 시간11월~3월 동절기 기준04:00~12:00통제 지점 : 비선대 지킴터거리 및 시간왕복 7.2km, 3시간 30분~4시간 소요준비물등산화, 아이젠, 귀돌이 모자, 장갑, 등산 스틱, 간식, 물 등  이날 날씨 예보가 흐림으로 나와서 설악산을 갈까 말까 끝까지 고민했습니다. 마음의 저울질을 끝내고 결국 가보기로 결정. 비만 안 오면 된다는 심정으로 설악산 소공원을 찾았습니다.백두대간의 험준한 고개를 넘어 속초에 들어서니 흐렸던 날씨가 확 바뀌었습니다. 파란 하늘 아래서 기분 좋게 설악산 등산코스에 도전할 수 있었습니다.   설악산 소공원을 지나 신흥사 경내에 들어서면 국립공원 이정표가 나옵니다. 여기서 크게 비룡폭포, 금강굴, 울산바위 코스로 나뉘게 됩니다. 저는 신흥교를 건너 와선대로 향했습니다.  신흥교를 통과하면 본격적인 탐방이 시작됩니다. 소나무 아래 조성된 숲길을 한동안 걷게 됩니다. 경사가 완만해서 누구나 쉽게 걸을 수 있는 수준입니다. 다만 탐방로에 눈이 그대로 쌓여 있었고, 결빙 구간도 많아 주의가 필요했습니다.  30분 정도 걸으면 설원교 앞에 다다르게 됩니다. 골짜기를 타고 불어오는 산바람이 가장 먼저 반겨줍니다. 차갑다기보단 신선하다는 느낌이 강했습니다.쌍천 너머로 거대한 산봉우리들이 등장합니다. 하얀 눈이 그대로 남아있어 겨울 산에 온 기분을 오롯이 느낄 수 있었습니다.   설원교에서 와선대, 비선대까지는 완만한 경사가 그대로 이어지지만 돌부리가 많고, 결빙 구간이 늘어나 생각보다 탐방이 쉽지 않았습니다. 아이젠을 착용하고 탐방에 임하는 사람들도 있더라고요.설악산 등산코스 와선대, 비선대에 근접하면 계곡물소리가 들려옵니다. 깊은 골에 숨어있던 능선도 조금씩 보이기 시작하고, 계곡 주변으로는 기암괴석이 절경을 이룹니다. 비선대 앞에는 지킴터 건물이 있습니다. 현 위치부터 입산 시간 지정제가 운영되어 정해진 시간에만 탐방을 이어갈 수 있습니다. 동절기 기준(11~3월)으로 오전 4시부터 정오 사이에 이곳을 통과해야 됩니다.남쪽 방면으로 걸으면 천불동계곡과 대청봉으로 나오고, 서쪽으로는 금강굴을 지나 마등령으로 이어집니다.  비선대 지킴터를 통과해 금강굴 방면으로 발길을 옮겼습니다.금강굴은 바위로만 이루어진 암산이라서 극악의 경사가 펼쳐집니다. 턱 밑까지 차오르는 숨, 허벅지는 터질듯합니다. 바람이 불 때마다 철계단과 나의 몸이 혼연일체 되어 흔들리는 짜릿한 경험도 하게 됩니다.   드디어 금강굴 아래 위치한 전망대에 도착했습니다. 이번 설악산 등산코스의 하이라이트라고 생각되는 장소입니다.이곳에서 대청봉, 중청봉, 소청봉, 공룡능선 등 설악산의 대자연을 한눈에 감상할 수 있었습니다. 경이로움을 넘어 무서울 만큼 아름답고 압도적인 자연경관이 펼쳐졌습니다. 자연의 위대함을 몸소 경험할 수 있었던 순간입니다.    .pzp .pzp-poster--fe9abfd9-abd6-4574-8335-161214f2b9ba.pzp-poster--loaded {background-image: url(""https://phinf.pstatic.net/image.nmv/blog_2024_01_15_720/be444015-b385-11ee-8474-a0369ffb3870_08.jpg"");background-size: contain;background-position: center;background-repeat: no-repeat;}  광고 후 계속됩니다.     다음 subject author   			취소		   설악산 등산코스 외설악 전경 	재생  203 	좋아요  1 		좋아요	   		공유 하기	                       0:00:00    		재생	    		음소거	         	00:00  	00:07 실시간     		설정	    		전체 화면	      			해상도		 자동 480p   			자막		 사용 안함  			재생 속도		 1.0x (기본)   해상도   			자동 (480p)		   			1080p		 HD    			720p		 HD    			480p		   			270p		   			144p		    자막 	설정   			사용 안함		      옵션  글자 크기    배경색    재생 속도   0.5x 1.0x (기본) 1.5x 2.0x            알 수 없는 오류가 발생했습니다.     					도움말				   음소거 상태입니다.             도움말                    라이센스         				고화질 재생이 가능한 영상입니다.				설정에서 해상도를 변경해보세요.			 더 알아보기 	0:00:00              접기/펴기금강굴 아래, 전망대에서 본 외설악 전경입니다.설악산 등산코스 외설악 전경#설악산등산코스#신흥사#비선대#금강굴#설악산    전망대에서 계단을 따라 10분 정도 오르면 금강굴에 도착하게 됩니다. 이번 산행의 최종 목적지입니다.금강굴은 자연동굴로 과거 원효대사가 수행했던 장소입니다. 굴안에는 암자가 있습니다. 이곳에서 기도를 드리면 한 가지 소원은 반드시 이루어진다는 전설이 있더라고요. 저도 경건한 마음가짐으로 소원을 빌었습니다.금강굴 안에서 바라본 외설악의 모습은 이루 말할 수 없을 정도로 신비로웠습니다.   이번 설악산 등산코스는 금강굴을 마지막으로 다시 비선대, 와선대를 경유해 신흥사로 원점회귀했습니다.천천히 주변 풍경을 감상하면서 내려가니까 1시간 30분 정도 걸리더군요. 비선대에서 금강굴 구간은 경사가 심한 탓에 하산길이 더 힘들었습니다. 아이젠은 필수, 스틱도 챙기는 것을 권장합니다.여유 있는 걸음으로 신흥사 경내를 구경하면서 산행을 마쳤습니다. 금강굴 코스는 4시간 남짓, 난이도가 쉬운 편이라 설악산 등산이 처음이거나 등린이에게 추천하고 싶습니다.  50m© NAVER Corp.더보기 /OpenStreetMap지도 데이터x© NAVER Corp. /OpenStreetMap지도 컨트롤러 범례부동산거리읍,면,동시,군,구시,도국가설악산국립공원금강굴코스강원특별자치도 속초시 설악동 궁금할 땐 네이버 톡톡하세요!  ]",20240115
"강원도여행 설악산,양양 낙산사,대관령 양떼목장","[강원도여행 이틀째지난번 강원도에 내린 눈이 70cm~1m정도 라더니정말 폭설이었네요지나는 곳곳이 길만 뚫렸지만 사방에 쌓인 눈이장난이 아닙니다높은산은 사방이 산수화가 그려진 파노라마 입니다.  눈꽃은 볼 수 없어 아쉽지만쌓인 눈이라도 보고싶어 설악산으로 향했다.입구부터 쌓인 눈의 높이가 폭설 이었음을 살감케한다. 설악산 입구~창문열면 눈을 만질수있는 높이다#설악산국립공원 설악산도 얼마만에 와보는지 감회가 새롭다 ㅎㅎ주변 식당들도 출입구만 길을 터났다. 입구를 지나 소공원으로 들어서면 통일대법당 신축지 앞에 부처님이 계신다. 뒤로 돌아가면 지하에 내불전이 있어 잠깐 들어가기도할 수 있다.  ㅋㅋ기도하고 가방을 두고나와 헐레벌떡 다시 들어가니 보살님께서 챙겨놓으셨다덕분에 다시한번 가족모두 건강기원하며기도드리고 왔다. 신원사까지 가고 싶었지만 차안에서 기다리는댕댕이가있어 여기까지만 둘러보고신흥사 유물전시관 구경하고 내려오는길에눈쌓인 설악산 다시금 눈에 담아왔다. #낙산사낙산사 역시 오랜만이다2005년 화제로인해 소실된후 다시 재건하기까지오랜시간이 걸렸지만 옛모습 그대로는 아니지만규모를 갖추고 있는 모습에 감사하다. 데크길을보니 예전모습이 아니구나 하면서 들어섰다.이곳에 새로이 심어진 나무들는 전국의 지자체에서기증한 소나무들이 식재되어 있었다.  현대식 템플스테이 #홍예문 동선이 꽤 길어서 구석구석 보려면 시간이 꽤 걸릴것같다 여행객들이 많아 우린 오른쪽 코스로~~ #의상대 의상대에서 바라본 홍련암 홍련암 가는길화제 당시 앞에보이는 부분은 모두 타버리고 끝에 홍련암만 남았다고 한다. #홍련암스님께서 불공드리고계서서 좁은공간 이지만잠깐 들어가 삼배올리고 왔다. 홍련암에서 바라본 의상대 홍련암과 의상대 사이는 깎아놓은 절벽과 절벽에자리하고 있어 어느쪽에서 바라봐도 아찔한 절벽과동해의 푸른바다가 어우러져 아름다운 절경을 그린다.#해수관음상 낙산사의 랜드마크라 불리는 해수관음상낙산사 가장 높은곳에 자리잡고있어 양양바다가 한눈에 보이는데  너무 아름답고 편안했다.잠깐이지만 해수관음상에 도착했을때눈발이 날렸다. ㅋㅋ남편 뒷모습따뜻한 봄이면 이곳에 오래 앉아 여유롭게 이야기 나누고 싶을만큼 좋다. 원통보전 / 낙산사 칠층석탑(보물 제499호) 해수관음상에서 왼쪽으로 내려오면서 부분이지만 낙산사의 전경 담으며숲이 울창한 낙산사가 되길 소망해본다. 화재의 흔적을 사진으로 담아놓은곳 예전보다 허한 느낌은 있지만 이렇게 다시볼 수 있음에 감사하며 낙산사를 내려왔다 주차요금은 사전 정산기로~~~#양양 #서프쉑 #애견동반펜션1층은 카페/  2~4층은 숙소 바다가 보이는 스파 가능한 펜션 숙소 도착하자마자 탐색하느라 바쁜 슈~♡ 숙소 뒷마당 바베큐장~넓고 여유있어 좋다댕댕이들 잠깐 산책할수도 있고~~ 짐정리후 양양 앞바다~~모래사장 뛰며 신나긴한데ㅋㅋ 힘들어보인다 슈도 나이는 못속인다는 (만13살)    고성보다는파도가 잔잔하다.펜션 뒷편에 써핑보드 많이 세워져 있는거보니써핑하기 좋은곳인가보다.    .pzp .pzp-poster--373cd994-93b7-48d2-9795-7068c0f56201.pzp-poster--loaded {background-image: url(""https://phinf.pstatic.net/image.nmv/blog_2024_03_04_1140/91c54ea1-da2b-11ee-9a19-a0369ffdd624_01.jpg"");background-size: contain;background-position: center;background-repeat: no-repeat;}  광고 후 계속됩니다.     다음 subject author   			취소		   댕댕이 슈~♡ 	재생  6 	좋아요  0 		좋아요	   		공유 하기	                       0:00:00    		재생	    		음소거	         	00:00  	00:04 실시간     		설정	    		전체 화면	      			해상도		 자동 480p   			자막		 사용 안함  			재생 속도		 1.0x (기본)   해상도   			자동 (480p)		   			1080p		 HD    			720p		 HD    			480p		   			270p		   			144p		    자막 	설정   			사용 안함		      옵션  글자 크기    배경색    재생 속도   0.5x 1.0x (기본) 1.5x 2.0x            알 수 없는 오류가 발생했습니다.     					도움말				   음소거 상태입니다.             도움말                    라이센스         				고화질 재생이 가능한 영상입니다.				설정에서 해상도를 변경해보세요.			 더 알아보기 	0:00:00              접기/펴기양양해변댕댕이 슈~♡ #대관령#양떼목장 #애견동반금지마지막 3일차 올라오는길에눈구경하러 양떼목장 들렀다이곳은 설악산보다 더 많은 눈이 쌓여있어동화나라 온것처럼 넘 예뻤다.  양치기 개가 입구를 지키고 있다양들에 비해 너무 작은,,,사람들이 너무 많으니 집 뒤로 들어가버린다. 먹이 먹느라 정신없어 양 궁둥이만 보이는데통실통실,,, 어린 새끼도 몇마리 보이는데 ㅋㅋ새끼들은 다 귀엽다.  눈이 너무많이 쌓여 목장의 반만 올라갈수 있었다초록초록 할때 보이던 울타리도 하나도 안보여걷다보면 울타리에 걸리고넘다보면 눈에 빠지고, 넘어져도 신났다 ㅎㅎㅎ챙겨왔던 등산화 신고오길 잘했다.눈위에 넘어지고누워도보고남편이랑 눈싸움도하고잠깐이지만 아이처럼 신나게 놀다왔다.  설경이 넘 멋지다~♡ 바쁘게 다니지않고 쉬엄쉬엄 휴양으로~~힐링한2박3일의 강원도여행 이었습니다. ]",20240305
설악산 최단코스 오색약수-대청봉 원점회귀 코스,"[ 설악산 대청봉(1,707.9m)  강원특별자치도 양양군 서면 오색리에 있는 설악산의 최고봉. 태백산맥에서 가장 높고 남한에서는 한라산(1,950m), 지리산(1,915m)에 이어 세번째로 높다.네이버 지식백과 中미루고 미뤄왔던 설악산 산행드디어 가기로 큰 맘 먹었는데하필 가려고 생각했던 시기에대설주의보가 내리는 바람에구간이 통제되고..2024.02.17. 설악산 대청봉 산행새벽에 일어나 출발하면서도과연 산행이 가능할지 조마조마하며 출발만약 산행을 못하게 되면그냥 강원도 다른 산이라도 인증하자 싶었는데정말 다행히도.. 당일 아침 일찍 전화해보니 가능!  1000m© NAVER Corp.더보기 /OpenStreetMap지도 데이터x© NAVER Corp. /OpenStreetMap지도 컨트롤러 범례부동산거리읍,면,동시,군,구시,도국가오색그린야드호텔주차장강원특별자치도 양양군 대청봉길 34대청봉강원특별자치도 속초시 설악동 주차는 오색그린야드호텔주차장에..  주차장 요금은 30분당 500원아이들도 함께 한 산행이라..여유있게..천천히 다녀오다보니정산할 때 보니..우린 9시간 걸려서..주차요금 9천원..ㅋㅋ 주차해놓고 완만한 포장길을 오르다보면 설악산 국립공원 남설악탐방지원센터 요기서 등산 전 올라갈 채비아이젠도 착용하고스패츠도 착용하고 등산스틱까지 준비 설악산 코스 안내도 설악산 최단코스 오색코스남설악탐방지원센터를 지나 대청봉까지원점회귀 코스 남설악에서 대청 산행가능시간동절기(11월~3월) 04:00~11:00하절기(4월~10월) 03:00~12:00 적설에 따른탐방로 일부 구간 통제라는주의 문구 본격적인 산행 시작 전마음이 비장해짐.. 국립공원에서 지켜야 할 사항 눈이 초반부터 소복히 쌓여있음설악산을 겨울에 와도 좋겠다고 느껴진건눈이 소복히 쌓여있으면돌계단 구간 같은 경우눈이 쿠션역할을 해줄거라 생각했음 암튼 이러나 저러나눈이 쌓인 설산은 너무 예쁨  계곡물도 너무 깨끗하고보는 것만으로 힐링 그 자체 대청봉까지는 4.8km 나무계단도 지나고 돌계단도 지나고 안전쉼터 계속된 오르막길임그래도 눈이 많이 쌓여있어서뽀드득뽀드득 소리 들으며쌓인 눈으로 인해 쿠션감도 느껴가며  안전쉼터마다 쉬어주기 진짜..오르막길 경사가..ㄷㄷ아이들도 그렇고..나도 그렇고..오래간만에 하는 산행이라 죽을 맛  오르막 경사가 ㄷㄷ 엄청 많이 올라온 것 같은데..겨우 800미터 올라온거라고??레알?? 미쳤..대청봉까지는 4.0km 살려주.. 요 쉼터 구간을 지나면 그나마 좀 수월한 등산로초반의 남설악 1부터 6까지의 안전쉼터는그냥 쭉 오르막임..ㅠㅠ 초반에 계속된 오르막으로 지쳐서힘들긴 힘들었음 그래도 초반에 오르막 구간만 지나면다른 등산로는 그나마 괜찮음어느덧 대청봉까지 3.3km 약간의 내리막길 또다시 오르막길 대청봉까지 2.7km 와..진짜 끝도 없네..ㅠㅠ 계단이 반갑게 느껴짐 오르고 또 오르기.. 둘째는 힘이 넘치는구나가는길에 계속 장난결국 눈까지 동글동글 뭉쳐서정상에 눈사람을 만들겠다며..정상에도 눈이 있다고!!!하..제발.. 가는 길에 미니 눈사람도 만들고 또 다시 안전쉼터 어느덧 대청봉까지 500미터 동절기 안전장비 착용 장소정상까지 강풍이 불고 기온이 급격히떨어지는 구간이라서안전장비와 보온의류는 꼭 착용 등산로를 벗어나면이렇게 됩니다요..ㅋㅋㅋㅋㅋ아이들과 사진찍겠다고살짝 옆으로 발을 내딛었는데눈 깊이 실화냐..저만큼 빠지고도 발이 안닿았다고 함아이들이 온 힘을 다해서 뽑아줌  대청봉 가는 길이 날 날씨가 맑고 넘 쾌청해서눈에 보이는 모든 것들이 멋있었음안구정화.. 대청봉 정상쪽에 모여 있는 사람들 설악산 대청봉 설악산 대청봉 정상 풍경이 날 진짜 바람이 넘 많이 불었음나 날아가는 줄..  정상인증해야하는데정상석 꼭 붙잡고 매달려서 겨우 찍음우리 가족 다 같이 올라간거라가족사진이라도 한장 남겼어야 하는데엄청난 강풍에 그럴 생각조차 못함아쉽긴 함 ㅠㅠ 정상에서의 안내표지도 다시 원점회귀하여 하산 하산하여남설악탐방지원센터에서국립공원 스탬프 투어도장도 쾅쾅  그리고 설악산 대청봉 블랙야크 인증흉해서 자체 모자이크 처리..ㅋㅋㅋ   그리고 산행하면서 귀여운 새동고비 라고 불리우는 새였는데엄청 귀여움외모도 귀엽게 생겼고산행객들한테 음식도 많이 얻어먹었는지사람을 무서워하지 않더라는..손에 맛밤을 부셔서 올려두었더니저렇게 손 위에 올라와서는 쪼아먹고 감 설악산 대청봉 트랭글 어플 기록  설악산 대청봉 최단코스오색약수 코스 원점회귀 산행거리(왕복) 약 10km산행시간 천천히 약 9시간 걸림  꽤 많은 눈이 왔었고실제 등산할때에도 많은 눈이 쌓여있었는데날씨가 포근해서였는지눈이 또 금방 녹기도 했음하산할때는..그 많은 눈들이 다 녹아 있어서 깜놀아이젠을 벗기에도 애매해서그냥 계속 신고 산행했는데돌들을 밟을때마다 짜릿한 통증을 느낌 ㅋㅋㅋ수북히 쌓인 눈을 상상하며폭신한 쿠션이 되어줄거라 기대했는데..망..그리하여 포스팅을 쓰고 있는..거의 일주일이 지나가는 시점에도..내 다리가 아니오..ㅋㅋㅋㅋㅋ그래도 가족 모두 함께 한 산행이라너무 뿌듯하고 좋았음   ]",20240225
&quot;설악산 국립공원 케이블카&quot; 절대 안됩니다!,"[""설악산 국립공원 케이블카"" 절대 안됩니다!⠀⠀어제(20일) 강원도 양양군에서는 설악산 국립공원 오색 케이블카 사업 착공식이 열렸습니다. 이에 동물권행동 카라를 비롯한 전국 시민단체들과 지역 주민들은 착공식 앞에 모여 설악산 케이블카 사업 규탄 기자회견을 진행했습니다.⠀강원도는 국립공원을 제대로 보전해야 함에도 불구하고 오히려 환경을 훼손하는 타당성없는 사업을 기어코 밀어부쳤습니다. 장혜영 의원(정의당)에 따르면 양양군의 설악산 케이블카 사업의 경제성 분석에서 자신들에게 유리한 항목을 넣어 경제성 편익을 부풀리고 비용을 축소하고 환경영향에 대한 고려가 부실하다고 지적한 바 있습니다. 그럼에도 양양군은 환경부를 등에 업고 설안산 오색약수터와 해발 1,480m 끝청 구간에 3.5km 길이의 케이블카 설치를 강행하려 합니다.⠀설악산은 백두대간핵심구역으로 원칙적으로 개발행위가 금지된 지역입니다.인간의 미미한 영향으로도 그 가치가 퇴화할 수 있는 중요성이 인정돼 국제자연보전연맹(IUCN)의 학술적엄정보호구역(Ia)으로 분류되어 있으며 유네스코 생물권보전지역, 천연보호구역, 산림유전자원보호구역 등 그 가치는 더 이상 형용할 수 없을 정도로 우리나라 야생의 핵심이라 할 수 있습니다.⠀또한 산양과 하늘다람쥐, 무산쇠족제비와 같은 멸종위기종을 비롯한 포유류, 조류, 식물 등 총 3천 종 넘는 다양한 생물이 살아가는 터전이 바로 설악산 국립공원입니다. 이미 지난 2019년 환경부는 '멸종위기 야생동물 1급 산양이 38마리가 서식'하므로 케이블카 설치는 바람직하지 않다고 언급한 바도 있습니다.⠀양양군은 오로지 개발 행위만이 지역을 살린다는 근시안적인 계획으로 인해 우리나라 생태계의 핵심인 설악산 국립공원은 나무가 뿌리채 뽑히고 서식 식물들이 파헤쳐지며 서식하던 산양들도 내몰리게 되었습니다. 또 이를 시작으로 전국의 국립공원들 역시 여기 저기 파괴될 것입니다.⠀동물권행동 카라는 강원도와 양양군의 생태계 학살 행위, '오색 케이블카 사업' 저지를 위해 동료 단체들과 연대하고 있습니다. 이 사업은 절대로 진행되어선 안됩니다. 무수한 생명들의 보금자리인 설악산국립공원에 케이블카가 놓인다면 전국 다른 지자체들도 공원 내 케이블카 추진을 하며 개발의 빗장이 풀릴 것입니다. 민주사회를 위한 변호사모임 환경보건위와 녹색법률센터 변호사들이 추진하는 설악산 케이블카 사업 시행허가처분 취소 소송인단에 많은 시민분들과 활동가들이 참여해 주고 있습니다. 이 소송으로 천혜의 보고, 설악산 국립공원에서 일어날 파괴행위를 반드시 저지하겠습니다. 많은 지지와 응원을 부탁드립니다. ⠀* 사진출처: 설악산국립공원지키기국민행동⠀⠀#설악산을그대로 #설악산케이블카반대 #개발아닌보전 #설악산국립공원지키기 #동물권행동카라 #Korea_Animal_Rights_Advocates ]",20231121
설악산 근처 숙소 켄싱턴호텔 설악 카페 애비로드 부대시설,"[속초, 설악산 호텔Kensington Hotel Prologue날씨가 따뜻해진 주말에 맞춰 친구와 함께설악산 근처 숙소로 휴가를 떠났어요.켄싱턴호텔 설악은 역사가 깊으면서영국풍 스타일의 호텔로 잘 꾸며놨고부대시설도 굉장히 잘 되어있어서편안하게 머물기 좋은 곳이었어요.직원분들도 친절하시고 설악산 근처라가족 단위로도 많이 오시는 곳,카페 애비로드와 부대시설 등자세한 후기 보여드릴게요!  숙박 정보Kensington Hotel50m© NAVER Corp.더보기 /OpenStreetMap지도 데이터x© NAVER Corp. /OpenStreetMap지도 컨트롤러 범례부동산거리읍,면,동시,군,구시,도국가켄싱턴호텔 설악강원특별자치도 속초시 설악산로 998 📍 강원 속초시 설악산로 998✔ 체크인 15:00 / 체크아웃 11:00✔ 스튜디오 디럭스 패밀리 트윈+조식포함 : 265,100원(회원가): 279,000원(비회원가)설악산 입구로 들어오면 바로 보이는켄싱턴호텔 설악이에요.투숙객 전용 주차장은 자리가 넓어서,토요일, 일요일 기준으로 빈자리도곳곳에 보이더라구요.저는 3인이 사용할 수 있는스튜디오 디럭스 패밀리 트윈에 조식이 포함된객실을 이용했는데 호텔 회원가입을 하면공홈에서 5% 할인을 받을 수 있어요~*공홈에서 예약하는게 제일 저렴하더라구요! 로비Kensington Hotel Lobby로비1층 로비는 중세풍으로 예쁘게 꾸며놨더라구요.곳곳에서 사진찍으시는 분들이 많으셨어요. 스튜디오 디럭스 패밀리 트윈Kensington Hotel Lobby복도저는 6층 발코니 방으로 배정받았어요.호텔방으로 가는 복도 역시 영국풍이었어요.  | 스튜디오 디럭스 패밀리 트윈 |    .pzp .pzp-poster--837494d2-0022-4c68-b60b-2ee37488d50e.pzp-poster--loaded {background-image: url(""https://phinf.pstatic.net/image.nmv/blog_2024_03_25_2423/5b8f2d5e-ea35-11ee-a6c9-a0369ffd9c08_01.jpg"");background-size: contain;background-position: center;background-repeat: no-repeat;}  광고 후 계속됩니다.     다음 subject author   			취소		   설악산 근처 숙소 켄싱턴호텔 설악 카페 애비로드 부대시설  	재생  2 	좋아요  0 		좋아요	   		공유 하기	                       0:00:00    		재생	    		음소거	         	00:00  	00:35 실시간     		설정	    		전체 화면	      			해상도		 자동 480p   			자막		 사용 안함  			재생 속도		 1.0x (기본)   해상도   			자동 (480p)		   			1080p		 HD    			720p		 HD    			480p		   			270p		   			144p		    자막 	설정   			사용 안함		      옵션  글자 크기    배경색    재생 속도   0.5x 1.0x (기본) 1.5x 2.0x            알 수 없는 오류가 발생했습니다.     					도움말				   음소거 상태입니다.             도움말                    라이센스         				고화질 재생이 가능한 영상입니다.				설정에서 해상도를 변경해보세요.			 더 알아보기 	0:00:00              설악산 근처 숙소 켄싱턴호텔 설악 카페 애비로드 부대시설  룸방을 보자마자 우와~하고 감탄이 나올정도로호텔이 예뻤던 스튜디오 디럭스였어요!스튜디오 방은 촬영을 하실만큼클래식한 느낌의 영국풍으로 잘 꾸며놨다고해서기대가 컸는데, 진짜 잘 꾸며놨더라구요 :)두명이서 사용하기에 방도 꽤 넓은 편이라굉장히 여유롭게 사용했어요. 가족끼리 속초에 오셔서 편안한게 잘 수 있게베드도 2개가 있었고, 청결도도 아주 좋았어요.침구류가 포근하고 아늑했고 적당히 푹신해밤에 꿀잠자기 좋았어요.연식이 있는 호텔이지만 청결도가 정말 좋아,비염이 있는 저나 친구도 불편함없이쾌적하게 1박을 머물다 갔어요. 방에는 전등이 따로 없어서 당황했는데,베드 옆에 한개, 화장대에 한개, 그리고테이블 뒤에 큰 스탠드가 하나 있어서밤에도 분위기 좋게 환하게 잘 보이더라구요.호텔 곳곳에 공간을 활용하기 좋았고,화장대는 물건을 올려두기 좋았어요. 테이블방에는 테이블이 있어서 저녁에 와인을 마시거나친구와 도란도란 이야기를 나누기 좋았어요.발코니는 따로 이용하지않았는데,설악산이 바로 보여서 분위기가 한결 좋더라구요. 체크인을 할 때 켄싱턴호텔 부대시설을 이용할 수 있는 쿠폰을 4가지 같이 주시는데,애비로드를 방문할 계획이었어서카페 10% 쿠폰을 하나 같이 사용했답니다 :) 냉장고에는 생수 3병이 기본으로 있었어요.한병 추가시 천원이 부과되는데,호텔에 편의점이 있어서 따로 구매하셔도괜찮을 것 같아요. 마지막으로 제일 좋았던 점!강원도 설악산이라 들어와서 할 게 없다고생각하실 수 있는데, 티비 채널도 다양하게나오고 넷플릭스도 사용할 수 있어서티비를 보며 시간보내기 좋았어요! 화장실화장실도 깜짝 놀란 부분 중 하나인데,화장실이 정말 넓어서 놀랐어요 ㅋㅋ이렇게 화장실에 화장대가 있을정도로화장실 크기가 넓었고 역시나 깨끗했어요.저는 화장실 청결도 중요한 부분인데,하수구 냄새라던지 불편한점이 없을정도로깨끗해서 맘에 들었어요~ 일회용 칫솔은 구비되어있구요,바디로션과 샴푸, 컨디셔서, 바디워시 등다회용으로 쓸 수 있게 용기에 담겨져있었어요. 수건도 뽀송뽀송 깨끗했구요~화장실이 넓으니 편하게 쓰기 좋더라구요 ㅎㅎ 호텔 부대시설1.야외 빨간버스켄싱턴호텔 설악에 오시는 분들이라면여기서 인증샷을 꼭 찍으시더라구요!저도 설악산을 배경으로 사진을 찍고자퇴실 후 인증샷 남기러왔어요. 실제 영국에서 사용하던 버스를그대로 옮겨와 전시해놨다고해요.2층은 막혀있었고 1층만 구경할 수 있었어요. 버스 안과 밖에서 인증샷을 찍어봤는데꽤나 이국적이고 특색있지않나요? ㅎㅎ강원도에 놀러와서 설악산도 보고 영국스타일로 사진까지 찍어서 인상깊게 남았어요! 호텔 부대시설2.9층 애비로드비틀즈 전시내부호텔 9층으로 올라가시면 애비로드가 나와요.카페 겸 식사를 할 수 있는 공간으로9층 루프탑도 같이 이용이 가능한데요,비틀즈의 애장품, 특히 친필사인이 있는기타까지 전시되어있어서 이색적이었어요. 메뉴음료나 음식 가격도 적당했고 디저트 등애프터눈 티세트도 팔고있어서 투숙객이 아닌 외부 손님들도 켄싱턴호텔 설악 카페에많이 오시더라구요.  햄버거 19,000원저는 시즌음료 두잔과 함께 햄버거를 시켜서같이 먹었는데 패티에 육즙도 가득하고양도 엄청 많아서 정말 맛있었어요!!!(햄버거 추천드려요!)감자튀김도 바삭하고 맛있더라구요 :) 호텔 부대시설3.기프트샵, 해리포터 방, 보드게임케니샵 1층 로비에는 케니샵이 있어요.영국 기념품을 살 수 있는 곳이며,무인으로 운영되고 있었어요.쓱~ 둘러보기 좋았어요. 해리포터 방영국하면 해리포터죠?해리포터 옷과 함께 서재를 예쁘게 꾸며놔서사진찍기도 좋았어요. 보드게임1층 한켠에 작은 방이 있어서 들어가봤더니보드게임을 빌릴 수 있는 곳이 있더라구요.모노폴리, 루미큐브 등 다양한 보드게임이 있어호텔에서 다채롭게 즐길 수 있었어요.  오랜만에 강원도에 나들이를 나와숙소를 잡고 쉬었는데 정말 만족스러웠어요!켄싱턴호텔 설악은 아름다운 설악산 뷰를볼 수 있었고 북적거리지않아 진짜 휴가를제대로 온 기분이었어요.특히 호텔 부대시설도 좋았고청결도도 정말 좋아 편안하게 머물 수 있었어요.설악산을 구경하시는 분들, 속초에 놀러오신 분들가족여행으로 오시는 분들 등 다양한 여행객들에게적합한 호텔이라 추천드리고싶네요 :)가격도 적당하고 조용히 머물다가기 좋은곳,켄싱턴호텔 설악의 후기였습니다!#켄싱턴호텔설악 #속초여행 #속초가볼만한곳#설악산전망 #켄싱턴호텔 #켄싱턴호텔살악카페#설악산숙소 #설악산호텔 #설악산근처숙소이 포스팅은 이랜드파크 켄싱턴호텔&amp;리조트를통해 상품 및 서비스만을 제공받고 솔직하게작성된 후기입니다. ]",20240326
설악케이블카 정상 아이와 대만족했던 설악산국립공원,"[속초 여행에서 빠질 수 없는 설악산국립공원에서 케이블카를 탔습니다:) 드디어 설악산국립공원 표시가 나왔어요. 설악산 정상에 올라섰더니, 기대했던 것보다 훨씬 풍경이 아름다웠습니다. (글 사진 라이프힐러) 설악케이블카 &amp; 설악산국립공원 주차 아이와 강원도여행 두 군데 주차장이 있습니다. 1) 설악산 국립공원 주차장에 주차 후설악케이블카 매표소까지 도보 10분2) 설악산 국립공원 주차장을 지나,한 번 더 들어가면 설악케이블카 주차장 도보 1분 저희는 설악산국립공원에 주차 후 도보로 걸어 올라갔어요~ 설악산국립공원에 도착하니 상쾌했어요. 역시 산에 오면 자연과 함께,맑은 공기가 있어서 마음까지도 맑음입니다:) 설악산국립공원 안내도를 살펴보고 있습니다:)   설악케이블카 입장료 &amp; 운영안내 설악산국립공원 산 정상까지 이어진 케이블카   운영시간 9:00~17시 설악산케이블카 왕복요금성인 15,000원(중학생 14세이상)소인 11,000원(37개월 ~ 초등학생)유아무료 탑승인원은 50명입니다.케이블카 정상은 해발 700m인권금성이며 운행거리는 1,132m소요시간은 5분입니다. 산정상까지 5분 밖에 소요되지 않는다니,케이블카 타고 멋진 경치를 구경하러 갑니다^^ 설악케이블카 탑승 후 볼 수 있는 명소 6설악산국립공원 홈페이지 참고  홈페이지에 안내된,케이블카 탑승 후 올라가면 볼 수 있는 명소 6군데입니다. 1. 봉화대2. 권금성 성터3. 안락암  4. 무학송5. 울산바위 전경6. 신흥사 전경 (청동 불좌상)멋진 명소들이 많이 있네요.기대하면서 케이블카 탑승 고고!! 설악케이블카 탑승 설악산국립공원평일에 방문해서인지 대기 줄이길지 않았습니다.  케이블카가 점점 높이 올라갑니다. 탁 트인 경치가 정말 아름답네요.   3월 말이었는데요,눈이 보였습니다. 올라가는 즐거움이 컸던 케이블카 영상으로 담아봤습니다.     .pzp .pzp-poster--5cc5b117-a27a-4cc2-9ab5-3f627ed6a2e7.pzp-poster--loaded {background-image: url(""https://phinf.pstatic.net/image.nmv/blog_2024_03_03_81/37190c5b-d8e6-11ee-8dba-b4055dcdfecc_05.jpg"");background-size: contain;background-position: center;background-repeat: no-repeat;}  광고 후 계속됩니다.     다음 subject author   			취소		   설악산케이블카 	재생  93 	좋아요  0 		좋아요	   		공유 하기	                       0:00:00    		재생	    		음소거	         	00:00  	00:16 실시간     		설정	    		전체 화면	      			해상도		 자동 480p   			자막		 사용 안함  			재생 속도		 1.0x (기본)   해상도   			자동 (480p)		   			480p		   			270p		   			144p		    자막 	설정   			사용 안함		      옵션  글자 크기    배경색    재생 속도   0.5x 1.0x (기본) 1.5x 2.0x            알 수 없는 오류가 발생했습니다.     					도움말				   음소거 상태입니다.             도움말                    라이센스         				고화질 재생이 가능한 영상입니다.				설정에서 해상도를 변경해보세요.			 더 알아보기 	0:00:00              접기/펴기설악산케이블카 방문하기설악산케이블카#설악산#설악산국립공원#설악케이블카#내돈내산 설악케이블카에서 내리자, 아름다운 절경이 펼쳐집니다.  동전을 넣으면 더 가까이 경치를 볼 수 있습니다.  올라갈 때, 내려올 때 한 번씩 다 구경했어요. 이제부터는 걸어서 올라갑니다.걷다 보니 더워서,외투를 벗었어요~ 머릿속에 담고 싶은멋진 풍경들이 펼쳐집니다.  올라가자 마침내멋진 봉화대가 보여요.저 위에까지 올라가는 코스에요.꽤나 가파릅니다.   올가 가면서 기념사진 남겨주고요^^ 미취학 아동도 천천히 올라갈 수 있었는데, 경사가 가파른 부분도 있어서특별히 안전하게~ 주의가 필요하더라고요.  바위 위쪽에 올라왔어요~산들이 하늘과 경계가 닿아더할 나위 없이 훌륭한 경치를 자아냅니다.   너무나 멋졌던 설악산이에요.날씨도 화창해서 좋았어요.  학창 시절, 설악산국립공원으로수학여행을 왔던 추억,성인이 되고 친구들이랑설악산에 왔던 추억도 생각도 나고요 ^^ 돌 사이에 작은 돌들을 한참이나 만지고 꺼내고 다시 넣는 어린이.   아름다운 경치를 원 없이감상하고 내려왔습니다.내려오는 길에도 케이블카를 타고 5분 만에 내려올 수 있었어요. 역시 맛있었던 감자전 설악산국립공원케이블카로 산을 다녀왔는데,출출한 건 왜죠? ^^내려와서 주차장에 가는 길에,감자전을 파는 식당을 지나칠 수 없죠!!참새방앗간마냥,들려서 간단히 요기를 했어요. 제가 운전을 하고,신랑은 막걸리 타임:)  딸이랑 저는 호떡, 꿀 아이스크림으로 마무리:)  해발 1,132미터까지  케이블카 타고올라가는 경험도 신선했고,정상에서 멋진 뷰도 감상하고~아이와 함께 다녀오길 잘했어요.속초 여행 가신다면설악케이블카 타고,권금성 정상까지 올라가 보시는 걸추천합니다. 즐거웠던 설악산국립공원나들이였습니다.     설악산국립공원입구 강원도 특별자치도 속초시 설악동설악케이블카강원특별자치도 속초시 설악산로1085 50m© NAVER Corp.더보기 /OpenStreetMap지도 데이터x© NAVER Corp. /OpenStreetMap지도 컨트롤러 범례부동산거리읍,면,동시,군,구시,도국가설악 케이블카강원특별자치도 속초시 설악산로 1085설악산국립공원입구강원특별자치도 속초시 설악동 함께 읽으면 도움 되는 강원도속초아이대관람차 다녀온 이야기입니다. 속초아이 대관람차 멋졌던 속초바다 아이랑 속초갈만한곳안녕하세요 봄이 되면, 아이와 함께 가족여행으로 다녀온 강원도 속초 바다가 많이 생각납니다. 속초아이 ...blog.naver.com 함께 읽으면 도움 되는 강원도 켄싱턴설악밸리 다녀온 이야기입니다. 켄싱턴설악밸리 로잔 강원도리조트 컨싱턴리조트설악밸리 가족여행3월이 되면 생각나는 곳! 강원도 속초 여행입니다. 아이와 함께 다녀온 강원도 여행은 잊을 수 없는 추억인...blog.naver.com #설악케이블카 #설악산국립공원#설악산케이블카 #설악산케이블카정상#내돈내산 #아이와강원도여행+30개국 50여개 도시 세계여행,아름다운 팔도강산 국내여행의가치 있는 경험을 공유하고 있습니다.    ]",20240303
설악산 국립공원 오색약수터 주차장 주전골~용소폭포 등산코스,"[설악산은 인제, 양양, 속초, 고성에 걸쳐서 분포하고 있는 언제 찾아도 좋은 명산이다. 설악산 국립공원 3지구로 나뉘는데 바다와 접한 외설악, 속초~인제 내륙쪽은 내설악, 한계령~양양 구간은 남설악이라고 한다. 설악산 하면 산세가 수려하여 힘들것이라는 생각을 갖고 있지만, 설악산 주전골은 누구나 가볍게 걸을 수 있는 초보등산코스다. 오색지구 주전골 탐방로는 난이도가 쉽지만 남설악의 매력을 만끽할 수 있는 등산보다는 트레킹코스라고 해야 맞겠다.  설악산 오색 주전골 주차장은 공영타워주차장과 사유지 주차장을 이용할 수 있다. 1인 최대 주차요금은 1만원으로 같다. 주전골은 왕복 2시간 정도 소요되기 때문에 시간에 따라 요금이 책정되는 주차타워가 더 저렴하다. 대청봉이 목적이라면 어차피 1일 최대 요금이 나온다. 사유지 주차장은 4시간 기본 5천원이고, 공영 주차타워는 10분당 200원 저공해 등록차량은 50% 할인을 받을 수 있다. 하이브리드, 전기차는 무조건 주차타워가 저렴하다.  오색 주차장에서 주전골 가는 길에 편의 점이 있으니, 생수나 간식은 이곳에서 구매해도 괜찮다. 왕복 2시간이지만 생수나 간편식을 챙겨가는게 좋다. 가는길에는 오색지구 식당가가 있고, 양양오색 탄산온천이 있으니 온천욕을 하면서 산행의 피로를 풀수도 있다. 강원도 설악산 온천 양양 오색탄산온천 찜질방설악산 탐방 후 가기 좋은 탄산온천 강원도 양양에 있는 오색탄산온천은 설악산 국립공원 오색지구에 있는 ...blog.naver.com 설악산 주전골은 사계절 아름답다. 정상 산행을 하지 않아도 웅장한 산세를 멀리서라도 볼 수 있다. 오색 주전골(용소폭포) 탐방로는 설악산에서 가장 쉬운 탐방코스 중 하나다. 오색 약수터부터 용소폭포까지 이어지는 탐방로로 왕복 2시간이면 충분히 다녀올 수 있다. 대부분 평안한 흙길과 데크로 구성되어 있어서 가족단위 탐방객이 많은 편이다. 흘림골은 인터넷으로 예약해야 하지만, 주전골은 언제나 갈 수 있다. 등산 좀 제대로 하고 싶다면 최근에 개방된 흘림골~주전골 돌파하는 경우도 많다.  탐방로 초입에는 유명한 오색약수가 있는데 용출량이 부족해서 거의 말랐다고 한다. 2006년에 수해로 토사에 묻힌 제2오색약수를 복원해서 비슷한 성분의 물을 맛볼 수는 있다. 직접 마셔보지 않았지만, 동행한 사람의 이야기에 따르면 철분과 탄산감이 느껴진다고 한다.  오색약수터 부터 용소폭포까지는 약3km로 편도 한 시간 정도 소요된다. 등산보다는 트레킹 하는 느낌으로 가볍게 다녀올 수 있다. 초반에는 무장에 데크로 구성되어 있어 유모차가 지나갈 수 있을 정도로 쉽다.  오색약수터를 지나면 성국사라는 작은 사찰은 만난다. 절 근처 암반에서 나오는 오색약수도 이곳 승려가 발견했다고 한다. 신라시대에 만들어진 성국사 삼층석탑은 보물로 지정되어 있다. 주전골의 명칭은 2가지 설이 있다. 주전골 계곡이 외부에 노출되지 않아 숨기에 좋은데, 옛날 도적들이 이 계곡에서 숨어 위조엽전을 만들었다고 해서 지어졌다는 설, 또는 용소 폭포 앞에 엽전을 쌓아 놓은 모양의 바위에서 기원했다는 설이다. 주전골의 최고의 절경이라고 할 수 있는 독주암은 다리 위에서 바라봐야 멋지다. 독주암은 꼭대기에 한사람만 정도만 겨우 앉을 수 있을 정도로 좁다고해서 붙은 이름이다. 독주암부터는 계곡 양쪽으로 쉴틈 없이 비경이 이어져 탐방객의 넋을 놓게 한다.  선녀탕을 지나면 제2오색약수터가 있고, 주변에는 쉬어가면서 쌓아놓은 돌탑이 설악산의 비경과 꽤 잘 어울린다.  설악산 주전골은 남녀노소 걸을 수 있는 설악산의 보물같은 곳이다. 등산은 부담스럽고 가족 단위로 설악의 자연을 즐기고 싶다면 1순위로 추천하는 탐방로다. 용소폭포를 가기전 마지막 다리위에서 바라보는 주전골 전망대도 볼만하다. 계곡에 집채만한 거대한 바위가 쌓여 있고, 계곡 뒤로 펼쳐지는 설악산의 산세가 훌륭하다.  2개의 바위로 만들어진 금강문을 지나는 것도 잊지말자. 한 사람 정도만 통과할 수 있는 좁은 문으로 악귀를 쫓는 문이라고 한다. 내설악의 절경을 볼 수 있는 설악산 흘림골과 주전골은 낙석이 문제다. 지금은 복구되었는지 모르겠지만 1월에 방문했을때는 용소폭포 삼거리에서 폭포가는 방향의 길이 낙석으로 파손되어 갈 수 없었다. 트레킹을 마치고 식당을 찾는다면 방향으로 5분 정도 가면 30년할머지 순두부 식당이 있는데, 음식 솜씨와 가성비 좋은 맛집이다. 50m© NAVER Corp.더보기 /OpenStreetMap지도 데이터x© NAVER Corp. /OpenStreetMap지도 컨트롤러 범례부동산거리읍,면,동시,군,구시,도국가주전골계곡강원특별자치도 양양군 서면 대청봉길 58-52오색약수터강원특별자치도 양양군 약수길 45  ]",20240301
2.17설악산 토왕성폭포,"[설악산 소공원&gt;육담폭포&gt;비룡폭포&gt;&gt;토왕성폭포날마다 한걸음씩 이세상과 멀어지고 있다.이 사실을 건강하게 받아들이는게철학의 기본이라고어떤 철학박사가 그랫다.그 박사는 마음 가짐을 논했지만난 몸을 얘기한다.날마다 더 부실해져가는 무릎과 허리.머리.불가피한 많은 위험요인 속에 산다.사는날동안 오늘이 젤 건강한 날이다.주말이다.그래서,오늘이 젤 건강한 우리는 오늘의 건강한 몸으로 떠난다.감사하게도 무탈하게 돌아왔다.무슨, 날 받아놓은 불치의 병 환자 같은 말이냐...하겠는데..다만, 그 날을 모를뿐이란 생각이다.두다리가, 허리가신체기관이 건강할때 한번이라도 더떠나자는 생각이 가득하고별일없이 돌아온게 마음 가득 감사하다.그러하다.나의 요즘은.이번주는 설악산으로 정했다.토왕성 폭포까지 쉬엄해서 2시간반정도걸린다고 했다.하지만 우리는 1시간 넘게 추가됐다.왕복 4시간 쫌 덜 걸렷다.#설악산소공원주차장 에 주차.입차하면 무저건 6000.  안개 가득 양양 고속도로.날씨가 이러나 저러나 출발은언제나 엔돌핀 빠방하다.  양양고속도로 가다보면 수많은 터널이있는데 터널  통과 할때마다날씨가 달라진다.안개가득하더니 어떤 터널 나오면눈이 펄펄~마지막 긴 터널 통과하니 급격히 날씨변동.햇살 가득이다.그러나 역시 강원도.눈도 많다.  설악산 들어가는 길.눈이 꽤 많이 왔었나본데..??양쪽 치워진 눈이 장난 아님. 입구 근처가니 차 겁나 밀린다.날씨도 기가막히구 창문열어 설악산 구경.명불허전!좋쿠먼~!!밀리는 길이 경치 좋으니그또한 지루하지 않고. 차와 사람 다니라고 눈 치워 놧는데진짜 눈 많이 왓구나...쩌~~기 일주문 통과해야케이블카 타는 곳과 등산로로 합류할수있다. 곰돌이 보고 왼쪽으로 가야토왕성 폭포 방향이다.담엔 비선대,흔들바위 쪽으로도 가보는걸로. 산보고 물보면  가슴이 트이는게진짜!!! 좋다 !!! 저 다리 건너간다.건너편 산세가 당당하다. 시작길이  평탄하고 풍경이 늠 좋다.눈도 많아 좋다.날씨 찬란하니 더더 좋다!!아들넘이 아빠 유전자군...ㅎ 눈이 아직 많구나..했는데길 옆을  디디면30센티 넘게 푸욱~~~들어간다.우리동네서는 상상도 못할 눈 깊이다. 자기야!! 넘좋아!!꺅꺅꺅~~!!저만치 먼저 가는 남편님 뒷모습에서닫은 귀가 느껴진다....입산 초기에 특히 더 까마귀 되는 마눌.모른척....쫌 지나야 지쳐서 조용해짐.ㅋ 육담,비룡폭포를 지나 토왕성 폭포 코스.토왕성폭포는 우리나라에서 제일 긴 폭포란다.그 긴 폭포를 보려면 비룡폭포에서900개의 계단을 올라야한다고.이제 폭포 코스 본격적 시작. 어디를 봐도 풍경 진짜...  입산하며~ #육담폭포 도착.풍경 진짜 좋은데 다 안담긴다.. 한낮의 찬란한 육담폭포. 하산할때 스산하기 그지없던 육담폭포.저때가 3시쯤.산에서의 그늘은 좀더 깊게 느껴지는거 맞는데겨울의 산그늘은 유독 그렇다.사진느낌은 그늘이 더 좋네. 한걸음한걸음 가다가   문득 뒤를 보면..우리가 지나온 길이 어느샌가 까마득하고 언제 이렇게 왓지...?다시 보는 지나온 길이 또 그렇게 멋지게 보인다.삶도 그런거 같다.하루 한달 일년을 가지가지의 일들을 겪으며살아내다가 어느날 돌아보면후르륵 빠르게도 지나간 시간이고,지나간 일들은 다 좋은거 같다.기억의 좋은 쪽 왜곡이라고 해도그게 살아가는 기본 힘인거 같기도. 저 다리를 건너면 비룡폭포다.눈과 맑은 물, 진짜 좋다! #비룡폭포.1월달에 다녀간 사람들은 얼은거 봣던데지금은 눈은 많지만 날은 풀리고~최고로구나~~~ 올라갈때~ 내려올때~남편님 올라가며 무슨일이 있던겨.????내려오니 시커메 ㅋ 그리고 토왕성폭포를 향한 발걸음.900개의 계단 시작!!허이짜!!! 아쉽게도 #토왕성폭포 는 얼어있었다.정면 12시 방향에서 살짝 오른쪽이 폭포줄기.내눈엔 안보이지만 빙벽 타는 산악인들이3명쯤 오르고 있는 중이란다.멋찐 산사람들... 내눈엔 내사람만 보임.아주 잘 보임 ㅋ 줌인해보니 폭포 상부에 점 세개가 사람인듯.. 찐으로 멋진 설악..진경 산수화.어느 댓글러가, 사람들은 좋은 픙경보면그림같다고 그러고잘 그린 그림보며 사진같다고 한다고 ㅋㅋㅋㅋㅋㅋ내가 그래 ㅎㅎㅎㅎ 멀리 속초 동해바다도 보인다.  토왕성폭포를 등지고 사발면에 커피도 일잔.원래 달달구리지만 어쩜 그리도 꿀맛인지. 오를땐 #900계단 그쯤이야~~내려올땐 오마갓...!!!!!!!!!그래서 우리의 등산시간은 남들보다 늘 오바타임. 올라갈때 놓친 풍경내려올때 더 챙겨 보며 4시간만에 하산. 저녁은 수영장 근처에서 먹으려구군것질하며 바로 올라옴.#더유로피언광교본점화덕피자 전문. 요즘은 테이블에서 바로 주문하는거진짜 편하다.둘이지만 넉넉히~잘 놀구 잘 먹자 주의 ㅋ 라귀올 일케 가벼웟나...?  #루꼴라프로토슈피자진짜 싱싱한 루꼴라 한가득,~짭짤한 프로토슈, 치즈와 토마토완전 취저!!!!  #명란알리오올리오.알리오올리오 치구 꾸덕하다.근데 맛있다.짜지않고 자연스런맛. 좋다.  #트러플크림뇨끼.진짜 맛있어!!남편은 뇨끼 식감 안맞는다고햇지만크림은 맛있어함.동그란 볼은 소고기완자.트러플크림과 함께 아주 맛있었다.저녁 맛나게 먹구수영장 사우나 가서 푸욱~~ 물하구 안친했던 우리인데 수영하면서덤으로 사우나 맛도  알아버림.등산 후 사우나 코스는이제 못잃어.늦어서 수영은 못함. 지금까지 남편님이 찍어준 스냅중젤 맘에 쏙~내눈엔 젊어보여ㅋ 방문 스템프 찍는 재미고 빼놓을순 없지. 그리고 멈추지않는 당근.톰포드 립밤에 금이 수두룩하다는걸 어쩌다 보게됨.누가 출장갔다가 포장도 안뜯구 올린거 냉큼 받아옴.무슨 금 방망이냥ㅋ아주그냥 취향 지대루 저격.오늘도 계속되는 당근 생활.잘 오르고잘 먹고잘 헤엄치는 요즘,진짜 좋다!아, 당근도 ㅋ ]",20240218
켄싱턴호텔 설악 속초 여행 숙소 설악산 전망 카페 애비로드와... ,"[ 켄싱턴호텔 설악 속초여행 숙소 설악산전망 카페 애비로드와 조식 후기안녕하세요? 평소 여행을 즐겨 하는 가족으로 다양한 지역의 여행지와 숙소를 경험했습니다. 오롯이 가족들과 힐링하면서 쉴 수 있는 숙소, 그리고 주변 경관이 아름다운 숙소를 찾았는데요. 설악산 뷰와 멋진 설경이 보이는 켄싱턴호텔 설악을 방문했습니다. 이번 속초 여행 숙소 설악산 전망 카페 애비로드와 조식 후기를 통해 솔직하게 전달드리면서, 이번 객실 1박과 조식뷔페, 여왕의만찬(디너), 음료 상품으로 가족단위 커플 단위로도 너무나 좋은 상품도 함께 알려드립니다.   먼저 속초여행에서 켄싱턴호텔 설악 추천하는 이유를 설명드리면, 설악산의 아름다운 비경을 가장 가까이서 볼 수 있는 설악산전망 호텔로 유일합니다.더불어 명예의 전당 곳곳에 명사들의 숨결을 교감할 수 있으며, 명사들이 투숙한 객실을 선택하여 이용이 가능하면서, 휴식과 힐링 설악 유일 영국식 특급 호텔로 영국풍 인테리어와 품격이 있는 호텔로 많은 가족분들이 찾는 장소 입니다. 켄싱턴호텔 설악 체크인에 맞춰 들어왔습니다. 설악산국립공원 입구와 도보 5분으로 정말 설악산과 가깝습니다.  1층 로비에는 설악산 뷰를 볼 수 있는 쉴 수 있는 공간과 포토존이 함께 마련되어 있어 딸아이와 함께 추억도 함께 담았습니다.  로비의 경우 유럽풍 로비 라운지가 돋보이면서, 프런트 데스크 옆 해리포터방은 딸아이의 호기심을 자극하기 충분했습니다. 1층 로비에 작은 매점 (와인, 맥주, 스낵, 생활 편의 물품, 특산품, 기념품 및 영국왕실 라이프스타일 셀렉트 샵) 정도 물품 구매가 가능합니다.아래 꼭 소개해 드리고 싶은 내부의 2층의 영국 왕실 컨셉의 더퀸 레스토랑, 9층 비틀즈 컨셉의 애비로트 카페와 포토존과 외부의 영국버스(더블데커) 호텔 옆 정원 가든체스를 하며 보이는 설악산 뷰까지 상세한 후기로 들어가보시죠!?   켄싱턴호텔 설악 속초여행 숙소로 설악산 비경을 바로 눈앞에서 즐길 수 있는 숙소 입니다. 클래식한 인테리어 객실로 영국 감성 그대로 느껴지는 객실 입니다. 사진에 보이듯이 설악산에 한눈에 보여 사진찍기 좋은 객실로, 인생샷 까지 남겨볼 수 있는데요. 객실이 위치한 층별 다양한 테마들이 있어 이색적으로 다가옵니다.  기본적인 어메니티 시설과 깔끔함, 영국 감성이 돋보이는 클래식한 인테리어까지 해외 온듯한 기분으로 숙박이 가능한 점이 특장점입니다.    저희 가족은 숙소 체크인 후 바로 핫한 장소 포토존으로 유명한 9층 애비로드로 이동했습니다. 10시부터 17시까지 운영하고 있으며, 라스트 오더는 16:30분으로 참고하시면 좋습니다.  비틀즈 노래를 참 좋아하는데, 비틀즈 컨셉과 다양한 상품, 사진들로 가득 채워놓아서 그런지 분위기 있고 감성이 느껴집니다.   설악산을 한눈에 담아내고 가장 가깝게 볼 수 있는 뷰를 자랑하는 카페, 야외 테라스에서 사진도 담아낼 수 있고, 비나 눈이 오더라도 내부에서 설악산 전망을 느끼면서 차 한 잔 마실 수 있는 곳으로 추천드립니다.다양한 시즌 음료와 더불어 시그니처 음료인 핀커피는 천천히 내려먹는 커피로 요즘 많은 분들이 찾기도 합니다. 보기만 해도 힐링 그 자체로 숙박 첫날 날씨가 오락가락 했지만, 딱 사진을 담을 때 너무나 좋았던 기억이네요. 아래 보이는 호텔 앞 영국버스인 더블데커도 함께 보이는데, 바로 가족들과 사진도 담으로 내려갔습니다.  호텔 앞 영국버스 더블테커 영국을 상징하는 버스로 전 세계인의 가슴속 런던을 추억하는 향수를 심어준 빨간색 2층버스(루트마스터)에서 사진도 담고 추억을 담으면 더욱 좋습니다. 켄싱턴호텔 설악 속초여행 숙소 설악산전망 카페 애비로드와 내부와 외부 어느장소를 가든 포토존이 가득, 가족들과 함께 힐링하면서 자연스럽게 사진도 많이 담아낼 수 있는 속초가볼만한곳으로 강추 드리고 싶네요    앞서 말씀드렸던 2층 더퀸 레스토랑 여기서 가족들과 함께 여왕의만찬 2인 디너를 함께 했습니다. 딸아이는 단품 메뉴를 하나더 주문해서 함께 했네요 먼저 영국 왕실 컨셉으로 꾸며진 고급스러운 인테리어의 더퀸 레스토랑의 느낌과 밖으로 보이는 설악산 전망 레스트로랑의 뷰는 정말 환상 그 자체 였다고 말씀드리고 싶네요 미리 준비된 애프터눈티 세트를 드시는분들 같은데 정말 고급스럽게 힐링하면서 설악산뷰를 바라보면서 힐링할 수 있는 장소였습니다. 본격적으로 코스 요리인 여왕의 만찬이 시작되었는데요. 고급스러운 느낌과 분위기 더불어 친철한 서비스가 너무나 좋았습니다. 천천히 하나하나 코스요리가 나오기 시작하는데요. 켄싱턴호텔 그룹의 식사는 다들 아시듯이 실패 없이 모두 맛있게 식사가 가능합니다. 메뉴들은 갓구운빵, 왕새우/훈제연어 세비체, 버섯크림 수프와 트러플, 뉴욕스테이크, 켄싱턴 디저트, 커피 또는 차 이렇게 여왕의 만찬이 시작됩니다. 따로 아이 스프도 함께 준비해주셔서 배려한 느낌을 받았습니다.  꾸덕한 크림파스타는 딸아이의 입맛에 취향저격! 너무 느끼하지 않게 적당한 소스와 맛은 딸아이가 엄지척을 올렸습니다. 분위기있는 뉴욕스테이크 그리고 디저트와 커피까지 정말 체크인 이후 제대로 힐링과 더불어 식사까지 정말 대접받는 느낌을 받았습니다. 시간이 왜 이렇게 빠르게 흘러가는데, 설악산을 한눈에 볼 수 있는 뷰를 자랑하는 카페 애비로드에서 사진을 담고, 영국버스 더블데커에서도 다양한 사진 스팟장소에서 즐기다 보니 벌써 어둑어둑 해졌습니다.   켄싱턴호텔 설악 속초여행 숙소 설악산전망 카페 애비로드와 조식 후기를 이어서 담아보면, 앞서 보셨던 2층 더퀸 레스토랑에서 조식이 진행됩니다.조식은 7:00 ~ 10:00 (라스트 오더 9:30분)까지 진행이 됩니다. 대기 없이 혼잡하지 않게 드시고 싶은 분들이라면 7시쯤 오셔서 편하게 드시면 더욱 좋습니다.  앞서 말씀드린 영국 왕실 컨셉으로 꾸며진 고급스러운 인테리어의 더퀸 레스토랑 자리를 안내 받고 착석 합니다. 생각보다 외국 분들도 많이 오셔서 식사를 하시는 모습입니다.  맛과 비주얼 그리고 분위기까지 설악산 뷰를 만끽하면서 즐기는 조식은 말 그대로 환상적으로 다가옵니다.   따뜻한 조식뷔페는 저희 가족의 최애가 되었는데요. 맛은 물론 고급스러움까지 두마리 토끼를 잡은 식사! 조식이 부족한 호텔들이 많은데, 그런 곳들과 비교 불가입니다.   아이와 어른 모두 즐길 수 있는 식단과 음식, 음료, 요플레까지 모두 준비되어 있어 단점을 찾기 어려운 조식 식사였습니다. 켄싱턴호텔 설악 속초여행 숙소 설악산전망 카페 애비로드와 조식 후기까지 모두 담아보면서 제대로 아침까지 힐링을 즐기고 있구나 라는 생각이 들었네요  맛있을 식사와 어르신이나 젊은 분들을 위한 비빔밥 까지 우리나라 전통음식을 이렇게 꾸며놓고 먹어볼 수 있다는게 너무나 좋았습니다.  다음날 아침 정말 봄이 온 것 처럼 따뜻했고, 날씨도 좋았는데요. 설악산전망 비경이 정말 멋스러었고 감탄이 절로 나왔네요.속초여행에서 속초가볼만한곳을 찾으신다면 켄싱턴호텔 설악 속초여행 숙소 설악산전망 카페 애비로드, 그리고 포토존 맛집인 영국버스 더블데커까지 놓치지 말아주세요.    .pzp .pzp-poster--1d223ab3-6e07-47da-9964-73bfa71dd9ee.pzp-poster--loaded {background-image: url(""https://phinf.pstatic.net/image.nmv/blog_2024_04_02_1843/985d4972-f0f8-11ee-be11-a0369ffac3c8_03.jpg"");background-size: contain;background-position: center;background-repeat: no-repeat;}  광고 후 계속됩니다.     다음 subject author   			취소		   - 	재생  1 	좋아요  0 		좋아요	   		공유 하기	                       0:00:00    		재생	    		음소거	         	00:00  	00:26 실시간     		설정	    		전체 화면	      			해상도		 자동 480p   			자막		 사용 안함  			재생 속도		 1.0x (기본)   해상도   			자동 (480p)		   			1080p		 HD    			720p		 HD    			480p		   			270p		   			144p		    자막 	설정   			사용 안함		      옵션  글자 크기    배경색    재생 속도   0.5x 1.0x (기본) 1.5x 2.0x            알 수 없는 오류가 발생했습니다.     					도움말				   음소거 상태입니다.             도움말                    라이센스         				고화질 재생이 가능한 영상입니다.				설정에서 해상도를 변경해보세요.			 더 알아보기 	0:00:00              접기/펴기--  이번에 가족들과 오롯이 쉼과 힐링, 그리고 멋진 뷰를 보면서 즐기는 식사까지 하나 부족함 없는 속초여행 이었다고 말씀드리고 싶습니다.아침 퇴실 후 설악산국립공원에 가볍게 도보로 걸어서 산책도 할 수 있어 너무나 좋았던 숙소, 설악산 숙소를 찾는 분들이나 설악산전망 호텔을 원하시는 커플, 가족단위 모두 만족할 수 있는 곳으로 추천드립니다.     .pzp .pzp-poster--d9c9a686-acb5-46f6-911b-90c20f9eda34.pzp-poster--loaded {background-image: url(""https://phinf.pstatic.net/image.nmv/blog_2024_04_02_602/ffe1e7bb-f0f6-11ee-8aae-a0369ffabcbc_01.jpg"");background-size: contain;background-position: center;background-repeat: no-repeat;}  광고 후 계속됩니다.     다음 subject author   			취소		   - 	재생  1 	좋아요  0 		좋아요	   		공유 하기	                       0:00:00    		재생	    		음소거	         	00:00  	00:13 실시간     		설정	    		전체 화면	      			해상도		 자동 480p   			자막		 사용 안함  			재생 속도		 1.0x (기본)   해상도   			자동 (480p)		   			720p		 HD    			480p		   			270p		   			144p		    자막 	설정   			사용 안함		      옵션  글자 크기    배경색    재생 속도   0.5x 1.0x (기본) 1.5x 2.0x            알 수 없는 오류가 발생했습니다.     					도움말				   음소거 상태입니다.             도움말                    라이센스         				고화질 재생이 가능한 영상입니다.				설정에서 해상도를 변경해보세요.			 더 알아보기 	0:00:00              접기/펴기-- 20m© NAVER Corp.더보기 /OpenStreetMap지도 데이터x© NAVER Corp. /OpenStreetMap지도 컨트롤러 범례부동산거리읍,면,동시,군,구시,도국가켄싱턴호텔 설악강원특별자치도 속초시 설악산로 998애비로드 켄싱턴호텔 설악점강원특별자치도 속초시 설악산로 998예약더 퀸 켄싱턴호텔 설악점강원특별자치도 속초시 설악산로 998예약이랜드파크 켄싱턴호텔설악강원특별자치도 속초시 설악산로 998 이 포스팅은 이랜드파크 켄싱턴호텔&amp;리조트를 통해 상품 및 서비스만을 제공받고 솔직하게 작성된 후기입니다. ]",20240402
[설악산 서북능선]나홀로 귀때기청봉,[안녕하세요 와플입니다  오늘은 설악산 서북능선 귀때기청봉이야기 입니다 지금껏 다녔던 설악코스 중 저에겐 가장 힘들었던 귀때기청봉코스에요 그날의 컨디션도 산행중 영향을 미치지만 개인적으로 서북능선의 끊임없이 반복되는 철계단은 지옥의 코스로 기억됩니다 .  설악산 귀때기청봉 1578m 등산코스: 한계령휴게소~한계령삼거리~서북능선~너덜지대~귀때기청봉~대승령~대승폭포~장수대분소~장수대등산거리:12.4km등산시간:약 10시간 (휴식시간포함) 난이도:상 저는 자차를 장수대주차장에 주차 후 고속버스를 타고 한계령 휴게소에서 하차했어요.조금 번거롭기는 해도 혼자 산행할때 원점 회귀 안하고 코스이동 하는 방법이에요. 한계령삼거리한계령 삼거리에서 오른쪽 대청봉방향 왼쪽 귀때기청봉 방향으로 갈라집니니다. 지금부터가 본격적인 서북능선이 되겠지요 ? 일단 초반 페이스는 설레이는  마음으로 출발합니다. 쌀쌀한 날씨에 하늘도 맑고 바람도 차고 컨디션도 나쁘지 않습니다. 서북능선 너덜길의 시작 조심 또 조심 안전이 최우선입니다  설악산 위에 이런 너덜길이 두군데 존재하죠.바로 유명한 공룡능선 너덜길과 서북능선의 너덜길입니다 .개인적으로는 서북능선 너덜길의 바위들이 더 크고 위험해 보입니다. 서북능선 너덜길아직 등산 초반이라 에너지가 충만할때라 순조롭게 너덜길을 통과했습니다. 너덜길에서 패기 넘치던 모습 ㅋㅋ  하늘이 점점 흐려지는 가운데 바람도 거세지고 있어요 .귀때기 청봉을 지나 대승령을 향해 출발해봅니다.  역시 설악은 남성미가 강한 산인건 분명한것 같아요.온통 바위에 뾰족뾰족한 산 능선에 거친바람까지 .  저 봉우리에 철계단 보이시나요??서북능선 후반에 저런 철계단을 몇개나 통과해야 하는지...개인적으로 철계단을 좋아하지 않아서 인지 저에게는 지옥의 코스였답니다  설악산 1408봉어찌어찌 1408봉까지 왔네요설악산에서는 가장 무서운 점은 중간 이탈로가 없다는 점이에요 무조건 살아서 여길 빠져나가야 합니다. 바람이 점점 거세지고 체력은 바닥으로 떨어지고 있어요.와...마음속으로 제발 살려주세요 라며 드러누워버렸습니다. 가까이 클로즈업 하지 않아도 보이는 영혼털린 모습입니다   설악산 대승령 대승령까지 도착하고 난 후에는 사진을 남기지 못했는데요.겨울의 설악산이라 빠르게 해가 지기 시작했고 금새 어두워졌어요.사진 남길 겨를도 없이 헤드랜턴에 의지해 겨우 장수대까지 하산 완료 했습니다.등산하면서 가장 아찔했던 경험이였어요.체력이 급격하게 떨어지고 늘 말썽인 왼쪽 무릎의 통증이 정말 심했거든요 .빨리 안전하게 하산해야 겠다는 생각뿐 생존본능이 강하게 느껴졌던 설악산 서북능선코스 였습니다.#설악산 #설악산서부능선 #설악산귀때기청봉  ],20240221
설악산 비룡폭포-토왕성폭포 등산코스,"[설악산 비룡폭포코스--&gt; 토왕성폭포 전망대 등산코스는 등산거리 2.7km(왕복 5.4km) 정말 쉬운 초보자 코스입니다.등산시간은 넉넉히 잡아서 3시간이면 충분합니다. 등린이가 가본 설악산 등산코스소공원--&gt;흔들바위 코스(초급)소공원--&gt;흔들바위--&gt;울산바위 코스(중급)소공원--&gt;케이블카--&gt;권금성 코스(초초급)소공원--&gt;비선대--&gt;양폭대피소 코스(중급)그리고 이번에 다녀온 토왕성폭포 코스토왕성폭포는 길이가 320m로, 대한민국에서 가장 긴 폭포라고 합니다.평소때는 토왕성폭포의 물줄기가 잘 보이지 않다가, 비온뒤에는 멀리서 잘 보인다고 합니다.3월30일 등산했는데, 며칠전에 속초에 눈이 내려서 폭포 물줄기가 잘 보였답니다.토왕성폭포전망대 동영상 먼저 감상    .pzp .pzp-poster--90a0b505-34bf-4dfc-8b69-082d26f25977.pzp-poster--loaded {background-image: url(""https://phinf.pstatic.net/image.nmv/blog_2024_04_01_794/8d07711e-f027-11ee-86ef-b4055dce0220_01.jpg"");background-size: contain;background-position: center;background-repeat: no-repeat;}  광고 후 계속됩니다.     다음 subject author   			취소		   설악산 토왕성폭포 전망대 	재생  13 	좋아요  0 		좋아요	   		공유 하기	                       0:00:00    		재생	    		음소거	         	00:00  	00:24 실시간     		설정	    		전체 화면	      			해상도		 자동 480p   			자막		 사용 안함  			재생 속도		 1.0x (기본)   해상도   			자동 (480p)		   			1080p		 HD    			720p		 HD    			480p		   			270p		   			144p		    자막 	설정   			사용 안함		      옵션  글자 크기    배경색    재생 속도   0.5x 1.0x (기본) 1.5x 2.0x            알 수 없는 오류가 발생했습니다.     					도움말				   음소거 상태입니다.             도움말                    라이센스         				고화질 재생이 가능한 영상입니다.				설정에서 해상도를 변경해보세요.			 더 알아보기 	0:00:00              설악산 토왕성폭포 전망대 삼성헬스 트래킹 운동정보운동시간 2:33분, 운동거리 5.4km   설악산 소공원 주차장 주차요금주차요금 6000원, 입장료는 무료, 23년 5월부터 무료라고 합니다. 그런데 주차요금이 올랐어요. 22년에는 5000원 설악산 소공원 주차장에서 9:20분쯤에 출발 입구 반달곰과 함께 기념사진은 필수죠 여기서부터 토왕성폭포전망대까지 2.6km 멀리 권금성 케이블카 승강장이 보입니다. 토왕성폭포 코스는육담폭포 --&gt; 비룡폭포 --&gt; 토왕성폭포 전망대 순서로 만나게 됩니다.비룡폭포에서 토왕성폭포 전망대까지는 900개의 계단을 계속 올라가야 하는데, 여기 구간이 난이도 상, 코스구간입니다. 육담폭포  육담폭포 출렁다리 10시쯤 비룡폭포 도착   비룡폭포 물줄기 마시기 놀이 이제 토왕성폭포 전망대까지 900개 계단을 올라갑니다. 10:40분쯤 토왕성폭포 전망대 도착9시쯤에 소공원입구에서 출발하여 1시간40분쯤 걸렸어요3월30일, 며칠전 봄눈이 와서 산에 눈이 쌓여있어요  300m© NAVER Corp.더보기 /OpenStreetMap지도 데이터x© NAVER Corp. /OpenStreetMap지도 컨트롤러 범례부동산거리읍,면,동시,군,구시,도국가토왕성폭포전망대강원특별자치도 속초시 설악동설악산국립공원비룡폭포코스(토왕폭전망대)강원특별자치도 속초시 설악동 등산 마치고 점심은 공원내에서 가볍게 해물파전에 막걸리로 마무리해물파전가격 2만원, 속초 더덕막걸리 5000원 ]",20240401
"강원도 속초여행코스 설악산 케이블카 후기 (이용요금,주차)","[강원도속초여행속초여행코스속초가볼만한곳설악산케이블카설악산케이블카주차설악산케이블카이용후기속초겨울여행하얀눈이 덮인 설산을 좋아하진 않는다.산을 좋아하지 않는 것은 아니나아름다운 하얀 눈에 덮인 설산의 유혹에왠지모를 두려움이 앞선다고 할까? 하지만 이번 속초여행에서는 많은 눈이 내리고 있기에 설악산에 올라꼭 한번 설산을 제대로 느껴보고 싶었다. 울랑이와 후후군의 반대에도 무릅쓰고 설악산케이블카를 타기 위해 고고^^ 외설악설악산케이블카 타러 올라가는 길이눈이 내려 뷰가 예술이었다.    .pzp .pzp-poster--c9161880-c1c5-4a26-8f2b-061f6784c4fc.pzp-poster--loaded {background-image: url(""https://phinf.pstatic.net/image.nmv/blog_2024_02_19_3185/a4f67a44-cf25-11ee-805e-80615f0c461e_01.jpg"");background-size: contain;background-position: center;background-repeat: no-repeat;}  광고 후 계속됩니다.     다음 subject author   			취소		   설악산케이블카 	재생  43 	좋아요  1 		좋아요	   		공유 하기	                       0:00:00    		재생	    		음소거	         	00:00  	00:30 실시간     		설정	    		전체 화면	      			해상도		 자동 480p   			자막		 사용 안함  			재생 속도		 1.0x (기본)   해상도   			자동 (480p)		   			720p		 HD    			480p		   			270p		   			144p		    자막 	설정   			사용 안함		      옵션  글자 크기    배경색    재생 속도   0.5x 1.0x (기본) 1.5x 2.0x            알 수 없는 오류가 발생했습니다.     					도움말				   음소거 상태입니다.             도움말                    라이센스         				고화질 재생이 가능한 영상입니다.				설정에서 해상도를 변경해보세요.			 더 알아보기 	0:00:00              접기/펴기설악산케이블카#설악산#설악산케이블카 가을에 단풍이 들어도 너무 멋진뷰를 자랑할것 같은 풍경에 넋을 놓고음악감상하며 올라갔다능 ㅎ이문세오빠 노래 너무 좋다 ㅎㅎ 설악산케이블카주차는 그냥 위쪽까지 쭉 올라가서 이 앞쪽에 주차 했다. 주차비는 선불이고 현금, 카드 모두가능 설악산케이블카주차비용 6천원 (선불) 주차하고 좀 걸어 들어가니 설악산 국립공원 반달곰이 반겨준다.  함박눈이 내리던 1월 어느날나뭇가지마다 눈이 소복히 쌓여 어디를 보아도 멋진 풍경을 볼 수 있었다.    주차를 하고 나서도 케이블카탑승장까지는한참을 걸어서 올라가야 하더라~아빠와 함께 눈을 뭉쳐 눈싸움을 하느라안그래도 더딘 발검음이 더욱 느려졌던후후군을 채근하며 얼른 케이블카탑승장으로올라갔다.   이미 먼저 온 많은 사람들이멋진 눈사람을 여기저기 만들어 놓아보는 재미 또한 쏠쏠하였다.아이 어른 할것 없이 너무 신나서 뛰어다니고 눈바닥에 드러눕고 ㅋㅋ 케이블카매표소에서 티켓구매케이블카는 기상변동에 영향을 받기 때문에사전예매는 안되며 현장구매만 가능하다.우리도 현장에서 케이블카티켓 구입하였다.설악산케이블카운행시간1일전에 홈페이지에 공지된다.  설악산케이블카이용요금대인 15,000원소인 11,000원유아 무료 후후군이 고딩이 되니 이젠 대인으로 3명 ㅋㅋㅋ 설악산케이블카요금 1인 15,000원 케이블카 환불규정출발 10분전까지는 전액 환불된다.   티켓 구입 후 탑승장으로 이동하여줄을 서서 케이블카를 타면 되는데 케이블카가 엄청 커서 꽤 많은 사람이 타더라.앞쪽에 자리 잡고 타야 사진도 찍고 영상도 찍을수 있었다^^   권금성으로 올라가는 내내 너무 멋진 모습을 보고 있으니말이 나오질 않더라~~사실 설산은 별로라는 내 생각이잘못됐다라고 꾸짖는 것처럼 너무 멋진 풍경이어서 입을 다물수 없었다능    케이블카 타기 싫다고 했던 울랑이와 후후군도 멋진 풍경에 감탄하며 연신 사진을 찍고 동영상을 찍느라 바쁘더라 ^^   5분여 동안 잠시 탄거 같은데 권금성에 도착하여 케이블카에서 내리니 또 눈이 펑펑 쏟아진다. 미리 온 사람들이 예쁘게 오리모양을만들어 두어 사진을 찍어 보았다. 눈이 많이 와서 더 위쪽으로는 올라가지 못해 좀 아쉽긴 했지만 그래도 멋진 설산을 제대로 만끽할 수 있어 너무 감사함을 느낀 하루였다.     .pzp .pzp-poster--b245afa8-1a25-4e02-9364-59c125072d03.pzp-poster--loaded {background-image: url(""https://phinf.pstatic.net/image.nmv/blog_2024_02_19_34/e8421b46-cf25-11ee-b784-80615f0bce94_01.jpg"");background-size: contain;background-position: center;background-repeat: no-repeat;}  광고 후 계속됩니다.     다음 subject author   			취소		   설악산케이블카 	재생  121 	좋아요  1 		좋아요	   		공유 하기	                       0:00:00    		재생	    		음소거	         	00:00  	00:22 실시간     		설정	    		전체 화면	      			해상도		 자동 480p   			자막		 사용 안함  			재생 속도		 1.0x (기본)   해상도   			자동 (480p)		   			720p		 HD    			480p		   			270p		   			144p		    자막 	설정   			사용 안함		      옵션  글자 크기    배경색    재생 속도   0.5x 1.0x (기본) 1.5x 2.0x            알 수 없는 오류가 발생했습니다.     					도움말				   음소거 상태입니다.             도움말                    라이센스         				고화질 재생이 가능한 영상입니다.				설정에서 해상도를 변경해보세요.			 더 알아보기 	0:00:00              접기/펴기설악산케이블카#설악산#설악산케이블카#외설악 개구쟁이 후후군이 아빠와 꼭 해보고 싶다고졸라서 찍은 영상 ㅎㅎㅎ허리 아픈 아빠는 또 아들과 놀아 준다고 눈위로 같이 구르고 눕고 ㅎㅎ 눈이 많이 오니 푹신하다며 한동안 눈밭에서 나올줄 모르는 부자^^겨울여행 제대로 하고 왔다.강원도속초여행코스로 설악산케이블카 추천한다. 설산을 제대로 느끼고 싶다면눈오는날 케이블카 꼭 타보시길~~^^ 50m© NAVER Corp.더보기 /OpenStreetMap지도 데이터x© NAVER Corp. /OpenStreetMap지도 컨트롤러 범례부동산거리읍,면,동시,군,구시,도국가설악 케이블카강원특별자치도 속초시 설악산로 1085 ]",20240220
딱 20년 전 설악산 설경,"[눈쌓인 동해 해변엊그제 주말에도 영하의 날씨였었죠.이번주는 계속 포근한 영상의 날씨가 예보 되어있지만 앞으로 춥거나 폭설이 안오고 완연한 봄이 되었으면 합니다.그런 의미로20년 전 폭설이 내린 강원도 사진들은 모아 되새겨 봅니다 횡성부근2003년 겨울철 어느날 (2004년 2월이었던가?)포근하게(?) 눈이 쌓인 동해안으로 눈 취재를 갔습니다.20년 전이면 오래 전이자나요?사진 화질이 좀 그렇죠?더군다나 촬영한 동영상을 캡처한 사진이니 더욱 그렇구요.또 당시 캡처장비도 좋은 것도 아니었구요. 대관령 삼양목장 눈에 파묻힌 대관령목장.소와 양떼들은 다 어디로 갔을까?지난 2월말에도동해안에 폭설이 내렸는데 눈 무게에 하우스가 주저앉고 가슴이 무너지는 경우도 있었지만강릉에 사시는 분이 보내 준 사진처럼 낭만을 즐기며 현실을 바라보기도 하지요. 제 생각이지만긍정적인 마인드로 생각하는 것이 정신건강에 더 좋지않을까요?  20년 전 당시에도눈 피해도 많았고, 외딴 곳 고립된 집들도 하늘에서 많이 봤었죠.찬 바람을 맞으며 지상에서 촬영한 것이 아니라제설을 하는 분들의 노고를 잘 알지는 못하겠지만 그래도 눈이 쌓인 자연은 아름답다는 생각이 더 드네요. 덕장 - 황태덕장이겠죠?눈이 녹고추위에 또 얼고일 하시는 분 손길에 녹고보들보들 야들야들 황태덕장의 동태들 이야기  선자령 능선Green green Grass가 White Snow로 변해버린 목장의 설원능선들 태백준령대관령 휴게소에서 백두대간 선자령 가는 길도어디가 어딘지 모르게 온통 하얀 눈으로 덮혀있다.  세찬 바람에 휘어진 나뭇가지에습기 머금은 눈이 얼어붙은 눈꽃이 아닌 눈가지가 손짓하듯 서있다. 대관령 설원태백산맥을 넘어설악산 쪽으로 갑니다.   운해언제 눈이 펑펑 쏟아졌냐는 듯구름 안개에 싸인 설악산 부근은 살아 움직이는 듯한 또 다른 비경 산수화를 그려 내고 있다. 설악산 이모저모 -운해,설경 모진 풍파? 거센 눈보라에도 꿋꿋하게 서있는 대청봉 온통 흰 눈을 뒤집어 쓰고 바위만 조금씩 얼굴을 내밀고 있지만...인적 끊긴 중청산장도 지나간 흔적이라곤 바람결 뿐. 설악산과 중청대피소  뱀이 기어가는 것 같은 설악산 백담계곡하얀 눈에 더욱 또렷하게 보이는군요.머리부분이라고 해야할까요? 사진의 왼쪽 윗부분에 백담사 보이시나여?오른쪽 아래부분이 백담매표소가 있는 용대리 입니다. 주변 산과 계곡은 온통 하얀 설화가 만발하여 멋있지만어디가 어딘지 잘 모르시겠죠? 눈이 와 온세상이 하얗게 되면, 지상 뿐만아니라 하늘에서도 지형 찾기가 쉽지않습니다.특히 길 잃지않도록 조심 하시구요.  마침 백담사로 들어가는 다리로걸어가시는 분이 백담사를 더욱 아름답게 만들어 주고 계십니다.설악산 봉정암 아래에서부터 내려오는 영실천이 백담사 앞에서 하얗게 뒤덮여 있어 불계의 어느 한 모습 인 것같아 보입니다. 백담계곡과 백담사좀더 상류인 봉정암으로 가봅니다 이쯤되면 인적이 끊겼다고 봐야겠죠?오늘은 스님들의 모습마저 보이질 않는군요. 설악산 봉정암 공룡능선을 넘어 속초 쪽으로 갑니다.우뚝 솟은 울산바위가 장관입니다.  이런 눈에도 계단을 올라오신 분들이 많군요.내려가시는 길이 더 위험하니 조심하시구요.저도 가끔 등산을 할 때,올라가기는 했는데 내려갈 걱정에 헬기가 날 태워주고 갔으면 하는 생각이 들 때도 있었거든요. 울산바위설악동을 지나 양양공항으로 가는 길에토왕성폭포가 보입니다. 아니 빙벽이군요.북쪽으로 떨어지는 물이다 보니 역광으로 사진은 잘 안나오지만 폭포의 얼음은 단단하게 잘 얼겠죠?그래서 이곳이 빙벽 훈련장으로 꽤 이름이 있는 곳이라 들었죠. 토왕성폭포 공항에서 잠시 휴식도 하고 비행기 주유도 하고...서울 가는 길 아래로 한계령과 한계령휴게소가 보입니다.  한계령 예전에 동해안엘 가려면 44번 국도를 따라 이 한계령을 넘어가는 경우가 많았었는데...그래서 한계령 노래도 있자나여?요즘은 양양으로 고속도로도 있지만진부령 터널이 생겨 쉬-익 하고 금방 태백산맥을 넘어버리니...대관령에 이어 한계령도 옛날이 그리워 노래 부르며 구불구불 옛길을 가려는 분 아니면 거의 이용을 안하자나요?  금강산노래 이야기가 나왔으니'그리운 금강산'도 불러봐야죠?설악산 위 거의 만피트 상공에서 멀리 바라본 금강산입니다. ]",20240312
20240317 설악산2,"[사진이 50개 밖에 안 올라가서... 새벽에 깨서 찍은 호텔 뷰인데정말 그림같이 나왔다.그래서 방에 두개 출력해서 붙였다죽을 때까지 이 장면은 잊지 말아야 겠다. 구름모자 쓴 한라산 뷰하고 호텔 위치 // 토왕성 폭포 전망대 아래가 비룡폭포 아침에 본 호텔 앞 풍경진정한 설악산 간밤의 곤경은 어디에 두고...멋진 로비 브런치를 먹는 9층 에비로드에서 본 광경 어린 남녀가 와서 낄낄거리거 사진을 찍길래그 애들 안나오게 찍느나 고생 좋은 설악산.  그 와중에도 찍혔네 밥먹는데 해가 비쳐서 눈이 부셨다.밖은 추웠는데 안은 따뜻하고...  에비로드에 앉혀진 귀여운 털가방 호텔 외부 풍경걸어서 십분 정도 가면 설악산 공원이 있다작년 5월 부터 국립공원 입장료가 없어졌다 한다    .pzp .pzp-poster--cd364993-e8ce-443d-b6db-f5ac5765a0d6.pzp-poster--loaded {background-image: url(""https://phinf.pstatic.net/image.nmv/blog_2024_03_22_1689/5a14d9c3-e844-11ee-b91b-48df3772580c_01.jpg"");background-size: contain;background-position: center;background-repeat: no-repeat;}  광고 후 계속됩니다.     다음 subject author   			취소		   1 	재생  11 	좋아요  0 		좋아요	   		공유 하기	                       0:00:00    		재생	    		음소거	         	00:00  	00:01 실시간     		설정	    		전체 화면	      			해상도		 자동 480p   			자막		 사용 안함  			재생 속도		 1.0x (기본)   해상도   			자동 (480p)		   			1080p		 HD    			720p		 HD    			480p		   			270p		   			144p		    자막 	설정   			사용 안함		      옵션  글자 크기    배경색    재생 속도   0.5x 1.0x (기본) 1.5x 2.0x            알 수 없는 오류가 발생했습니다.     					도움말				   음소거 상태입니다.             도움말                    라이센스         				고화질 재생이 가능한 영상입니다.				설정에서 해상도를 변경해보세요.			 더 알아보기 	0:00:00              1 곰.다른 여행객들이 와서 사진을 많이 찍었는데양해를 구하고 곰만 독사진 찍어 주었다 케이블카를 타려했는데피곤해서 열시에 일어나서 열한시에 체크아웃하고 열두시반까지 밥먹어서시간이 없었다게다가 설산이고 느린 걸음으로는 권금성 갔다가 내려와서 비룡폭포는 못 갈 것 같아서 케이블카 구경만 했다 케이블카는 왕복 15000원. 올라가고 내려가는 시간은 얼마 안되지만 운행시간이 대충 30분 간격이라그게 시간이 더 걸릴 듯. 그래서 그냥 구경만 하고 비룡폭포를 향하여 감 가는 길은 날씨도 좋고 맑고 조금 춥고 길 몰라서 네이버 지도 켬등산할 때도 네이버 지도를 활용하는 좋은 세상 저 멀리 멋진 설악산 설악산 등산로를 설명하는... 게시판.그리고 눈. 눈. 눈 요기서 요기 가는 거다.  일킬로는 안되는데 등산이므로 쉽게 보면 안됨.나는 부실체질그리고.. 눈이.. 저 멀리 저 멀리 울산바위언젠가 울산바위를 올라갈 수나 있을까늙어서 안돼. 이젠    .pzp .pzp-poster--a4aa8de0-3d46-4cc2-a8f0-95a7579d6a24.pzp-poster--loaded {background-image: url(""https://phinf.pstatic.net/image.nmv/blog_2024_03_22_3143/5c22ab6c-e844-11ee-a0d9-b4055dcdfd62_01.jpg"");background-size: contain;background-position: center;background-repeat: no-repeat;}  광고 후 계속됩니다.     다음 subject author   			취소		   2 	재생  0 	좋아요  0 		좋아요	   		공유 하기	                       0:00:00    		재생	    		음소거	         	00:00  	01:00 실시간     		설정	    		전체 화면	      			해상도		 자동 480p   			자막		 사용 안함  			재생 속도		 1.0x (기본)   해상도   			자동 (480p)		   			1080p		 HD    			720p		 HD    			480p		   			270p		   			144p		    자막 	설정   			사용 안함		      옵션  글자 크기    배경색    재생 속도   0.5x 1.0x (기본) 1.5x 2.0x            알 수 없는 오류가 발생했습니다.     					도움말				   음소거 상태입니다.             도움말                    라이센스         				고화질 재생이 가능한 영상입니다.				설정에서 해상도를 변경해보세요.			 더 알아보기 	0:00:00              2    .pzp .pzp-poster--341e3dc2-e3c3-4d15-b0ca-2a4af42283e7.pzp-poster--loaded {background-image: url(""https://phinf.pstatic.net/image.nmv/blog_2024_03_22_466/61d3bb36-e844-11ee-b9f8-b4055dad8b39_01.jpg"");background-size: contain;background-position: center;background-repeat: no-repeat;}  광고 후 계속됩니다.     다음 subject author   			취소		   3 	재생  0 	좋아요  0 		좋아요	   		공유 하기	                       0:00:00    		재생	    		음소거	         	00:00  	00:19 실시간     		설정	    		전체 화면	      			해상도		 자동 480p   			자막		 사용 안함  			재생 속도		 1.0x (기본)   해상도   			자동 (480p)		   			1080p		 HD    			720p		 HD    			480p		   			270p		   			144p		    자막 	설정   			사용 안함		      옵션  글자 크기    배경색    재생 속도   0.5x 1.0x (기본) 1.5x 2.0x            알 수 없는 오류가 발생했습니다.     					도움말				   음소거 상태입니다.             도움말                    라이센스         				고화질 재생이 가능한 영상입니다.				설정에서 해상도를 변경해보세요.			 더 알아보기 	0:00:00              3    .pzp .pzp-poster--cd08dbc6-149d-483b-a025-58f7c711d365.pzp-poster--loaded {background-image: url(""https://phinf.pstatic.net/image.nmv/blog_2024_03_22_3215/63d1601c-e844-11ee-8edb-48df37e2c30a_01.jpg"");background-size: contain;background-position: center;background-repeat: no-repeat;}  광고 후 계속됩니다.     다음 subject author   			취소		   4 	재생  0 	좋아요  0 		좋아요	   		공유 하기	                       0:00:00    		재생	    		음소거	         	00:00  	00:47 실시간     		설정	    		전체 화면	      			해상도		 자동 480p   			자막		 사용 안함  			재생 속도		 1.0x (기본)   해상도   			자동 (480p)		   			1080p		 HD    			720p		 HD    			480p		   			270p		   			144p		    자막 	설정   			사용 안함		      옵션  글자 크기    배경색    재생 속도   0.5x 1.0x (기본) 1.5x 2.0x            알 수 없는 오류가 발생했습니다.     					도움말				   음소거 상태입니다.             도움말                    라이센스         				고화질 재생이 가능한 영상입니다.				설정에서 해상도를 변경해보세요.			 더 알아보기 	0:00:00              4 얄팍한 줄 따라 올라가면 됨 눈이 녹지 않아서 미끌거리고사람들이 운동화로는 곤란한다고 계속 충고하고자기네들은 지팡이에 아이젠에 가지고 왔더라.&lt;티비에 차은우 나오네...&gt; 그러나 열심히 길 따라 올라감 어차피 알고 있었지만 신발 다 젖고 눈 덮힌 산길은 멋지다. 비룡폭포는 매번 와서 만만하게 봤는데전에는 이렇게 걸어가지 않았던 것 같은데 하고 생각해 봤는데그때는 평지부분에 죽 가게가 서 있었다.  그래서 등산 느낌이 들지 않았다.  그러니까 옛날에 산에 오르는 느낌의 길은 저 화장실에서 육담폭포를 지나서 비룡폭포까지의 거리일 뿐이었다.그곳도 가는 중간 중간에 감자전 파는 아주머니들이 많아서산에 올라간다는 기분은 들지 않았던 것이다.그러나 이번에는 가게는 하나도 없고    .pzp .pzp-poster--27b79ad8-833a-4365-b519-2054ce45d0bf.pzp-poster--loaded {background-image: url(""https://phinf.pstatic.net/image.nmv/blog_2024_03_22_0/65c56713-e844-11ee-a6f4-b4432650023e_01.jpg"");background-size: contain;background-position: center;background-repeat: no-repeat;}  광고 후 계속됩니다.     다음 subject author   			취소		   5 	재생  0 	좋아요  0 		좋아요	   		공유 하기	                       0:00:00    		재생	    		음소거	         	00:00  	00:03 실시간     		설정	    		전체 화면	      			해상도		 자동 480p   			자막		 사용 안함  			재생 속도		 1.0x (기본)   해상도   			자동 (480p)		   			1080p		 HD    			720p		 HD    			480p		   			270p		   			144p		    자막 	설정   			사용 안함		      옵션  글자 크기    배경색    재생 속도   0.5x 1.0x (기본) 1.5x 2.0x            알 수 없는 오류가 발생했습니다.     					도움말				   음소거 상태입니다.             도움말                    라이센스         				고화질 재생이 가능한 영상입니다.				설정에서 해상도를 변경해보세요.			 더 알아보기 	0:00:00              5    .pzp .pzp-poster--e3d03719-1aca-4cd0-ad77-36f930edbb54.pzp-poster--loaded {background-image: url(""https://phinf.pstatic.net/image.nmv/blog_2024_03_22_392/67af366a-e844-11ee-b9f8-b4055dad8b39_01.jpg"");background-size: contain;background-position: center;background-repeat: no-repeat;}  광고 후 계속됩니다.     다음 subject author   			취소		   6 	재생  0 	좋아요  0 		좋아요	   		공유 하기	                       0:00:00    		재생	    		음소거	         	00:00  	00:30 실시간     		설정	    		전체 화면	      			해상도		 자동 480p   			자막		 사용 안함  			재생 속도		 1.0x (기본)   해상도   			자동 (480p)		   			1080p		 HD    			720p		 HD    			480p		   			270p		   			144p		    자막 	설정   			사용 안함		      옵션  글자 크기    배경색    재생 속도   0.5x 1.0x (기본) 1.5x 2.0x            알 수 없는 오류가 발생했습니다.     					도움말				   음소거 상태입니다.             도움말                    라이센스         				고화질 재생이 가능한 영상입니다.				설정에서 해상도를 변경해보세요.			 더 알아보기 	0:00:00              6 아름다운 설악산에 눈까지 쌓여서 조금 힘들었다 중간에 길에 버려져 있는 막대기를 집어서 지팡이 삼아서 간신히 올라갔다 육담폭포 흔들다리제주도 흔들다리보다 여기가 무서웠다. 눈이 와서 그랬나. 올라갈 때는 무서웠지만 잘 올라갔고 드다어 보고자 했던 비룡 폭포 사람없어서 정말 좋았다 제주도에 갔을 때는 코로나 시기여서 나름 사람이 없었고 여기는 생각없이 눈밭에 와서 사람이 없었고.폭포는 생각보다 작았다물이 많이 올라와 차 있어서 폭포 줄기가 짧아 보였다.  용이 어디?    .pzp .pzp-poster--c2479d4e-ea6a-446d-8b69-3313914c5f0c.pzp-poster--loaded {background-image: url(""https://phinf.pstatic.net/image.nmv/blog_2024_03_22_2771/6b906866-e844-11ee-84fa-80615f0bce62_01.jpg"");background-size: contain;background-position: center;background-repeat: no-repeat;}  광고 후 계속됩니다.     다음 subject author   			취소		   7 	재생  2 	좋아요  0 		좋아요	   		공유 하기	                       0:00:00    		재생	    		음소거	         	00:00  	00:13 실시간     		설정	    		전체 화면	      			해상도		 자동 480p   			자막		 사용 안함  			재생 속도		 1.0x (기본)   해상도   			자동 (480p)		   			1080p		 HD    			720p		 HD    			480p		   			270p		   			144p		    자막 	설정   			사용 안함		      옵션  글자 크기    배경색    재생 속도   0.5x 1.0x (기본) 1.5x 2.0x            알 수 없는 오류가 발생했습니다.     					도움말				   음소거 상태입니다.             도움말                    라이센스         				고화질 재생이 가능한 영상입니다.				설정에서 해상도를 변경해보세요.			 더 알아보기 	0:00:00              7    .pzp .pzp-poster--d02edcdc-d6b6-4b57-8da6-f3f5b1e0c467.pzp-poster--loaded {background-image: url(""https://phinf.pstatic.net/image.nmv/blog_2024_03_22_1606/6db5b8d7-e844-11ee-94dc-a0369ffac078_01.jpg"");background-size: contain;background-position: center;background-repeat: no-repeat;}  광고 후 계속됩니다.     다음 subject author   			취소		   8 	재생  2 	좋아요  0 		좋아요	   		공유 하기	                       0:00:00    		재생	    		음소거	         	00:00  	00:10 실시간     		설정	    		전체 화면	      			해상도		 자동 480p   			자막		 사용 안함  			재생 속도		 1.0x (기본)   해상도   			자동 (480p)		   			1080p		 HD    			720p		 HD    			480p		   			270p		   			144p		    자막 	설정   			사용 안함		      옵션  글자 크기    배경색    재생 속도   0.5x 1.0x (기본) 1.5x 2.0x            알 수 없는 오류가 발생했습니다.     					도움말				   음소거 상태입니다.             도움말                    라이센스         				고화질 재생이 가능한 영상입니다.				설정에서 해상도를 변경해보세요.			 더 알아보기 	0:00:00              8 내려가자. 내려가는 길도...  네이버의 인도 하에...  네이버 없으면 아무것도 못하겠다. 사람이 하나도 없어서 길 잃을까봐 걱정하기도 했음  올라가면 토왕성 폭포.  가고 싶긴 했지만..  그냥 내려왔다. 아래애서 기다리던 조카 말로는 올라가는데 삼십분 내려오는데 삼십분 걸렸다던데. 궁둥이로 두번 미끄러지면서 내려왔다. 좀 위험하긴 했다. 나에게 큰 도움을 준 막대기는 입구의 나무 옆에 꽂아두고. 무학대사가 지팡이 꼽듯.    .pzp .pzp-poster--ec3c40ec-e1b6-433d-a9db-ef7ba246ed1d.pzp-poster--loaded {background-image: url(""https://phinf.pstatic.net/image.nmv/blog_2024_03_22_1696/6fc363b5-e844-11ee-8edb-48df37e2c30a_01.jpg"");background-size: contain;background-position: center;background-repeat: no-repeat;}  광고 후 계속됩니다.     다음 subject author   			취소		   9 	재생  1 	좋아요  0 		좋아요	   		공유 하기	                       0:00:00    		재생	    		음소거	         	00:00  	00:05 실시간     		설정	    		전체 화면	      			해상도		 자동 480p   			자막		 사용 안함  			재생 속도		 1.0x (기본)   해상도   			자동 (480p)		   			1080p		 HD    			720p		 HD    			480p		   			270p		   			144p		    자막 	설정   			사용 안함		      옵션  글자 크기    배경색    재생 속도   0.5x 1.0x (기본) 1.5x 2.0x            알 수 없는 오류가 발생했습니다.     					도움말				   음소거 상태입니다.             도움말                    라이센스         				고화질 재생이 가능한 영상입니다.				설정에서 해상도를 변경해보세요.			 더 알아보기 	0:00:00              9  ]",20240322
"겨울 설악산, 토왕성폭포 비룡폭포","[바다낚시 지인모임에서 각자 스케줄 때문에 다 빠지고 혼자 동해 고성으로 어구가자미 낚시를 갔다.처음이지만 요즘은 옆에서 알려주지 않아도  정보 만능의 세상이다 보니 유튜브에는 선생들이 많다.며칠을 공부하고 낚시 장비를 사고 채비를 준비해서 또 며칠을 만지작거리며 빠진 것이 없나 살펴보고생쥐가 풀방구리 드나들듯 낚시 가게를 들락거렸다. 구석에서 허름한  배낭을 찾아 준비를 마쳤다.  가자미 낚시는 이른 아침 일출 시간에 출항하기 때문에 그에 맞춰 고성에 도착하려면 새벽에 서울에서 출발하는 시간이 애매하고 겨울이라 고속도로 상태가 어떨지 몰라어차피 가는 김에 여행 삼아 1박2일 다녀오자 마음먹고 전날 출발했다.가다가 좋은 곳 있으면 쉬었다 가거나 거기서 차박으로 자고 가면 된다.서울양양고속도로를 달려 속초에 이르니 강원도 산에는 쌓인 눈이 아직 많이 남아 있다.그래서 설악산으로 방향을 돌렸다. 평일이라 설악산 소공원은 한가했다.젊었을 때 산악회에 가입해 뻔질나게 산에 다녔다.  그때는 무슨 겉멋이 들었던지  텐트랑 취사도구 야영물품까지 배낭에 빵빵하니 넣고 무거운 줄도 모르고 히말라야 가듯 모양을 냈다.나중에는 락크라이밍(Rock Climbing) 동아리도 만들어 도봉산 노적봉, 북한산 인수봉도 올랐었는데결혼해서 가정이 생겼으면 위험한 일은 하지 말라는 아버지의 충고에 따라 그만두었다.태어나 처음으로 수학여행 때 촌구석 고등학생이 설악산과 동해안을 구경하며 놀랍고 신기했는데서울 올라와 살면서 설악산을  뻔질나게 다닐 줄은 그때는 상상도 못했다.30년 전, 단풍이 다지고 된서리가 내릴 즈음 새벽어둠을 뚫고 오색에서 대청봉을 거쳐 공룡능선을 타고 설악동까지 당일치기 종주 등반을 했을 때다리도 풀리고 추위와 배고픔, 고생했던 일이 아직도 생생하다. 그 뒤로는 골로 가는 종주 산행은 아예 하지 않고 정상만 찍고 내려오는 산행을 했다.  두세 시간 여유가 있어 겨울 설악을 보려고 토왕성폭포까지 다녀오기로 했는데아이젠도 없이 가려고 하니 입구에서 동계 장비를 갖추지 않았다고 국립공원 지킴이 직원이 주의를 줬다.가까운 거리이고 낮이니까 얼른 다녀오겠노라고 하니 그러라고 했다.뽀드득 눈 밟는 소리가 참 좋다. 신선한 공기는 더더욱 상쾌하고.  등산로에 눈이 녹지 않아 미끄러웠으나 걸을만했다.한 달 전인가 어느 산악회에서 설악 등반을 왔다가 통제가 되어 모두 돌아갔는데50대 남자와 40대 여성이 이를 무시하고 입산했다가 길을 잃어 돌아오지 못하고 싸늘한 주검으로 발견되었던 곳이다.빙벽 등반의 메카인 이곳은 그 사고 이후로 등정이 전면 금지되어 폭포 근처에는 얼씬도 못한다. 많은 눈은 쌓이지 않아 등산객이 없어 고요하다.어쩌다 혼자 남겨졌는지 한 마리 까마귀의 애절한 외침만 설악계곡을 타고 울린다. 토왕성폭포 겨울풍경가까이 갈 수 없기에 토왕성전망대까지가 끝이다.마침 해가 뉘엇넘어가는 중이라 역광이 되어 사진을 담을 수없어서 해가 넘어가기를 기다렸다.오랜만에 왔으니 호젓하게 더 머물렀다가 내려가라는 것 같다. 모처럼 가볍게 겨울 설악을 보고 왔다. ]",20240219
강원도 여행지 추천 속초 여행코스 설악산 국립공원 케이블카... ,"[ 강원도 여행지 추천 속초 여행코스 설악산 국립공원 케이블카 타고 권금성 눈구경.  예전에는 등산도 좋아해서 산을 곧잘 타곤 했는데 나이가 들수록 점차 안하게 되더라구요.산은 겨울산이라 입버릇처럼 말했는데 그것도 다 옛일이 된 듯합니다.혹시나 싶어 겨울등산장비를 찾아보니 그대로 있어 일단은 차에 넣어 두긴했습니다.언젠가 다시 겨울산을 오르게 될지 모르니깐요.ㅋ여친님과 속초에 갔을때 일정으로 잡진 않았지만 시간이 조금 있어 올라갔다 왔습니다.그리 어렵지 않으니 겨울이 지나기전에 한번쯤 다녀와도 좋을듯 합니다.  1. 설악산 소공원강원특별자치도 속초시 설악동강원도 여행지 추천 속초 여행코스 설악산 국립공원 케이블카 타기 위해 주차장에서 조금 걸어가야 하는데 주차비는 선불이며 6000원입니다.이마저도 2년새 1000원나 올랐다고 하네요.국립이라면 조금 더 저렴해야 하는데 주차료가 사악합니다.  한 때 신흥사 입장료를 받았던 매표소도 여전히 있네요.문화재관람료라는 명목하에 자신들의 땅을 밝고 가니 요금을 내라고 했었는데 작년부터 모든 사찰의 관람료를 받지 않게 되었지요.허가받은 도동넘들이였다는...  대청봉 그림, 반달곰 조형물과 함께 기념사진도 찍었습니다.우리나라의 반달가슴곰은 한국전쟁 이전에는 설악산과 지리산의 원시림 등에 서식했으나 이후 거의 자취를 감춰 현재 천연기념물 제329호로 지정된 멸종위기종인데요 2013년 1월 현재 지리산에는 국립공원관리공단이 방사했거나 산에서 태어난 곰 26마리와 야생곰 한 마리 이상이 살고 있다고 합니다. 진입로를 따라 소공원이 조성되어 있는데 곳곳에 포토존이 설치되어 있고 이 곳에서 왼쪽으로 가면 비룡폭포가 나오고 똑바로 가면 신흥사와 흔들바위가 나옵니다.관리가 잘 되고 있는듯 깨끗하니 조성이 잘 되어 있더라구요. 눈이 소복히 쌓인 설산 풍경이 예술입니다.눈이 조금 녹아 나무에는 쌓이지 않았는데요 그래도 아름다운 눈구경을 할 수 있었습니다.또 소공원은 자연관찰과 학습을 할 수 있는 자연학습 탐방로가 있는데요 소공원에서 군량장까지 1.8㎞ 구간에 걸쳐 왕복로 형식으로 펼쳐진 비선대 자연학습 탐방로와 비룡폭포까지 2.4㎞ 구간의 비룡폭포 자연학습 탐방로가 있습니다. 중간쯤에 석탑과 금강소나무가 있는데 금강소나무는 강원도와 경상북도 지역의 산 사면과 능선에 자라는 소나무의 한 품종이라고 합니다.일반 소나무와 기본적인 형태가 같으나 줄기가 좀 더 붉고 마디가 길게 자라고 주로 산지에 자란다고 합니다. 2. 설악산 케이블카강원특별자치도 속초시 설악산로 1085강원도 여행지 추천 드리는 속초 여행코스 설악산 국립공원 케이블카는 해발 700m 높이의 권금성까지 약 10분이면 도착할 수 있습니다.편도는 없구요 왕복으로 매표를 해야 합니다.예약은 할 수 없구요 현장발권이에요.  이용요금은 대인(중학생 이상) 15000원, 소인(37개월~초등학생) 11000원, 소인(36개월 이하)무료에요.이용시간은 계절이나 날씨에 따라 다른데 보통 9시부터 17시까지에요.모니터에 보면 가장 빠른 탑승시간이 나와 있고 매진,매표 상황도 알 수 있습니다. 저희는 조금 늦게 도착했지만 다행히 날씨가 좋아 16시 10분 탑승할 수 있었습니다.티켓은 내려올때도 찍어야 하니 잃어버리시면 곤란합니다.산 꼭대기라 모자, 장갑 등 보온장비를 착용하고 가는게 좋아요. 설악 케이블카는 1970년에 설치되었는데요 케이블카의 시조새격이라 할 수 있어요.2002년 스위스 Doppelmayr사의 최신 기술을 도입하여 전면적인 재설치공사 실시로 전자동 시스템을 구축하게 되었는데요 당시 쓰였던 장비들이 야외에 전시되어 있기도 합니다.  실내 탑승장 옆에는 카페와 선물가게도 있어요.간단한 차와 간식을 드실 수 있구요 이쁜 선물도 살 수 있어요.색다르고 귀여운것들이 많더라구요.그래도 추억이니 한가지정도는 사도 괜찮을 듯 합니다. 탑승시간을 알려주는 방송을 해주구요 5분간격으로 운영이 된다고 하니 탑승시간에 미리 가서 줄을 서야 합니다.저희는 어쩌다보니 마지막에 타서 문옆에 타게 되었는데 올라가는 오른쪽으로 울산바위가 보이더라구요. 3. 권금성 탑승장강원특별자치도 속초시 설악산로 1085-1강원도 여행지 추천 속초 여행코스 설악산 국립공원 케이블카 타고 권금성 탑승장까지 약 10분이면 도착합니다.이 곳에도 작은 카페가 있더라구요.전망대가 있어 사진 찍기도 좋아요 이 곳에서 정상까지 탐방로를 따라 조금만 올라가면 되는데 눈이 많이 쌓여 넘어질 수 있습니다.아이젠을 착용하면 좋지만 평소 겨울등산장비를 갖고 다니지 않기에 그냥 올라가야 하는데 천천히 조심히 가야 합니다. 탑승장에서 탐방로를 따라 약 10여분정도 올라가면 설악산 권금성에 도착할 수 있어요.하지만 눈이 많이 쌓여 있어 올라기기 힘들었구요 여기저기서 넘어지는 일이 허다하더라구요.위험하니까 이 근처에서 눈구경하고 내려갔습니다.    .pzp .pzp-poster--4f1740e8-5a54-43f9-a78d-5f0d12e90982.pzp-poster--loaded {background-image: url(""https://phinf.pstatic.net/image.nmv/blog_2024_01_29_7/30e38410-be4d-11ee-a088-a0369ffde974_08.jpg"");background-size: contain;background-position: center;background-repeat: no-repeat;}  광고 후 계속됩니다.     다음 subject author   			취소		   강원도 여행지 추천 속초 여행코스 설악산 국립공원 케이블카 권금성 눈구경 	재생  283 	좋아요  2 		좋아요	   		공유 하기	                       0:00:00    		재생	    		음소거	         	00:00  	00:24 실시간     		설정	    		전체 화면	      			해상도		 자동 480p   			자막		 사용 안함  			재생 속도		 1.0x (기본)   해상도   			자동 (480p)		   			1080p		 HD    			720p		 HD    			480p		   			270p		   			144p		    자막 	설정   			사용 안함		      옵션  글자 크기    배경색    재생 속도   0.5x 1.0x (기본) 1.5x 2.0x            알 수 없는 오류가 발생했습니다.     					도움말				   음소거 상태입니다.             도움말                    라이센스         				고화질 재생이 가능한 영상입니다.				설정에서 해상도를 변경해보세요.			 더 알아보기 	0:00:00              접기/펴기강원도 여행지 추천 속초 여행코스 설악산 국립공원 케이블카 타고 권금성 눈구경강원도 여행지 추천 속초 여행코스 설악산 국립공원 케이블카 권금성 눈구경#속초여행코스#설악산국립공원#설악산케이블카#설악케이블카#설악산권금성#강원도눈구경#속초눈구경#강원도여행#강원도여행지추천 제자리에서 한바퀴 돌면서 영상으로 찍어봤어요.강원도 여행 코스로 가볼만하죠?  겨울이라 조금 일찍 노을이 지더군요.별도의 안전펜스가 설치되어 있지 않아 자칫 실수라도 하면 절벽으로 떨어지게 됩니다.위험하니 가까이 가지 않는게 좋구요 멀찌감치에서 바라보는게 좋아요.안전불감증이 있는지라 가까이 가지 못하겠더라구요. 내려갈때가 더 위험하니 난간을 잡고 내려가는게 좋습니다.저도 두어번 넘어질 듯 했어요.탐방로나 계단은 눈이 조금 치워져 있지만 워낙 많은 사람들이 오가다보 니 매끄럽게 되어 미끄럽더라구요. 내려갈때는 따로 시간에 맞춰 내려가는게 아니라 도착하는 순서대로 탑승을 하면 됩니다.탑승장 주변에 전망대가 있어 멋진 풍경을 감사할 수 있기도해요.저희도 잠시 이 곳에서 사진 찍기 놀이를 하고 내려갔습니다. 올라올때 봤던 울산바위도 선명하게 보입니다.저 곳도 가봐야하는데 갈 수 있을까 싶네요.ㅋ강원도 여행지 추천 속초 여행코스 설악산 국립공원 케이블카 타고 권금성 눈구경을 하고 왔는데요 아름다운 겨울 풍경이라 다들 감탄사가 절로 나오게 될꺼에요.올 겨울에 한번쯤 가보셔도 좋을듯 합니다.여기까지 마무으리!~   https://in.naver.com/junhyuk_abba [네이버 인플루언서] 삼춘삶이 곧 여행!세상 구경 실컷해보자~~in.naver.com 50m© NAVER Corp.더보기 /OpenStreetMap지도 데이터x© NAVER Corp. /OpenStreetMap지도 컨트롤러 범례부동산거리읍,면,동시,군,구시,도국가설악 케이블카강원특별자치도 속초시 설악산로 1085 #강원도여행지추천 #강원도여행코스 #속초여행코스 #설악산국립공원 #설악산케이블카 #설악산권금성 #강원도눈구경  ]",20240202
"속초가볼만한 곳, 3월 초 눈 덮인 설악산","[ 설악산 국립공원입장료: 무료주차요금: 6,000원(설악산 소공원주차장) 50m© NAVER Corp.더보기 /OpenStreetMap지도 데이터x© NAVER Corp. /OpenStreetMap지도 컨트롤러 범례부동산거리읍,면,동시,군,구시,도국가소공원주차장강원특별자치도 속초시 설악산로 1032설악 케이블카강원특별자치도 속초시 설악산로 1085 최근 들어 3월에 강원도 여행이 잤았었다. 고성, 양양, 속초. 거의 3년 연속으로 3월마다 강원도 여행을 갔었는데, 지난 2년간은 결과가 그리 좋지 않았다. 서울은 따뜻한 봄이 오고 있는데, 강원도는 아직 겨울을 나고 있는 듯한 느낌이었다고 할까.작년 9월 속초 여행이 참 좋았었고, 그래서 2년 연속 3월의 강원도가 별로였었지만, 올해 또 강원도로 향했다. 뭐, 대단한 곳을 돌아다니거나 보려는 건 아니었고, 숙소를 싸게 갈 수 있게 되어서 떠났다.중학교 때 수학여행으로 설악산에 가본 것이 마지막이었던 것 같아, 흔들바위까지 산행을 해보겠다며 일단 목적지를 설악산으로 정했는데, 이거 웬걸. 아직 겨울인 강원도. 그것도 한겨울인 것을 잊었다.  심지어 눈까지 와서 설산이 그대로 남아있는 설악산에 아이젠도 없이 등산하는 것은 무리였다. 일요일 오전 10시 도착. 대기 없이 주차했다.3/10(일) 다행히 날이 포근했고, 햇살이 좋았고, 바람이 거의 불지 않아 케이블카가 운행 중이었다. 고소공포증으로 정말 무서워하지만, 날마다 오는 기회가 아니라 케이블카를 한 번 타보기로 했다.      설악산 케이블카이용요금: 성인 왕복 15,000원이용 시간: 09시~17시케이블카도 대기 없이 바로 이용 가능했다. 두근두근. 케이블카 타기 전이다. 통영에서 케이블카 탄 뒤로 한 번도 안 탔는데, 그것이 너무나도 무서웠기 때문이었다. 그래도 설악산 케이블카는 50인승이라 안정감이 느껴졌다. 2대가 왔다 갔다 하는 형태였다. 그러니 줄이 길고 타기가 힘들지 싶었다. 여하튼 생각보다는 괜찮았다. 물론 무서워서 기둥만 잡고 있느라 밖을 많이 보지 못했지만.     권금성에서 봉화대행 등산로는 폐쇄 중이었다. 왕복 15,000원의 케이블카 요금이 조금 아까웠다. 권금성에서 보이는 뷰는 뭐 없다. 그냥 산으로 둘러싸인 곳. 아마 등산로를 조금 더 올라야 뭔가 뷰가 나올 것 같은데, 모조리 폐쇄 중이니 더는 볼 것이 없었다. 그래도 눈 덮인 설산을 등반한 듯한 느낌이 들긴 했다.내려올 때 케이블카는 올라올 때보다 조금 더 무서웠다. 중간 아래 정도 내려오니 평정심을 찾았다. 굉장히 오랫동안 타는 케이블카인 줄로만 알았는데, 탑승시간은 아주 짧다. 5분 남짓.  내려와서 신흥사 방향으로 향했다. 신흥사 경내까지는 길이 잘 치워져 있었는데, 흔들바위로 가는 길에 들어서면서부터는 아이젠이 필요했다. 설악산 나들이는 거기까지.      그래도 참으로 좋은 날에 눈 덮인 설악산 구경 참 잘했다. ]",20240312
